"10001","GBP/USD","1.25001","1.25601","01-06-2020 12:01:02:000"
"10002","GBP/USD","1.25002","1.25602","01-06-2020 12:01:02:001"
"10003","GBP/USD","1.25003","1.25603","01-06-2020 12:01:02:002"
"10004","GBP/USD","1.25004","1.25604","01-06-2020 12:01:02:003"
"10005","GBP/USD","1.25005","1.25605","01-06-2020 12:01:02:004"
"10006","GBP/USD","1.25006","1.25606","01-06-2020 12:01:02:005"
"10007","GBP/USD","1.25007","1.25607","01-06-2020 12:01:02:006"
"10008","GBP/USD","1.25008","1.25608","01-06-2020 12:01:02:007"
"10009","GBP/USD","1.25009","1.25609","01-06-2020 12:01:02:008"
"10010","GBP/USD","1.2501","1.2561","01-06-2020 12:01:02:009"
"10011","GBP/USD","1.25011","1.25611","01-06-2020 12:01:02:010"
"10012","GBP/USD","1.25012","1.25612","01-06-2020 12:01:02:011"
"10013","GBP/USD","1.25013","1.25613","01-06-2020 12:01:02:012"
"10014","GBP/USD","1.25014","1.25614","01-06-2020 12:01:02:013"
"10015","GBP/USD","1.25015","1.25615","01-06-2020 12:01:02:014"
"10016","GBP/USD","1.25016","1.25616","01-06-2020 12:01:02:015"
"10017","GBP/USD","1.25017","1.25617","01-06-2020 12:01:02:016"
"10018","GBP/USD","1.25018","1.25618","01-06-2020 12:01:02:017"
"10019","GBP/USD","1.25019","1.25619","01-06-2020 12:01:02:018"
"10020","GBP/USD","1.2502","1.2562","01-06-2020 12:01:02:019"
"10021","GBP/USD","1.25021","1.25621","01-06-2020 12:01:02:020"
"10022","GBP/USD","1.25022","1.25622","01-06-2020 12:01:02:021"
"10023","GBP/USD","1.25023","1.25623","01-06-2020 12:01:02:022"
"10024","GBP/USD","1.25024","1.25624","01-06-2020 12:01:02:023"
"10025","GBP/USD","1.25025","1.25625","01-06-2020 12:01:02:024"
"10026","GBP/USD","1.25026","1.25626","01-06-2020 12:01:02:025"
"10027","GBP/USD","1.25027","1.25627","01-06-2020 12:01:02:026"
"10028","GBP/USD","1.25028","1.25628","01-06-2020 12:01:02:027"
"10029","GBP/USD","1.25029","1.25629","01-06-2020 12:01:02:028"
"10030","GBP/USD","1.2503","1.2563","01-06-2020 12:01:02:029"
"10031","GBP/USD","1.25031","1.25631","01-06-2020 12:01:02:030"
"10032","GBP/USD","1.25032","1.25632","01-06-2020 12:01:02:031"
"10033","GBP/USD","1.25033","1.25633","01-06-2020 12:01:02:032"
"10034","GBP/USD","1.25034","1.25634","01-06-2020 12:01:02:033"
"10035","GBP/USD","1.25035","1.25635","01-06-2020 12:01:02:034"
"10036","GBP/USD","1.25036","1.25636","01-06-2020 12:01:02:035"
"10037","GBP/USD","1.25037","1.25637","01-06-2020 12:01:02:036"
"10038","GBP/USD","1.25038","1.25638","01-06-2020 12:01:02:037"
"10039","GBP/USD","1.25039","1.25639","01-06-2020 12:01:02:038"
"10040","GBP/USD","1.2504","1.2564","01-06-2020 12:01:02:039"
"10041","GBP/USD","1.25041","1.25641","01-06-2020 12:01:02:040"
"10042","GBP/USD","1.25042","1.25642","01-06-2020 12:01:02:041"
"10043","GBP/USD","1.25043","1.25643","01-06-2020 12:01:02:042"
"10044","GBP/USD","1.25044","1.25644","01-06-2020 12:01:02:043"
"10045","GBP/USD","1.25045","1.25645","01-06-2020 12:01:02:044"
"10046","GBP/USD","1.25046","1.25646","01-06-2020 12:01:02:045"
"10047","GBP/USD","1.25047","1.25647","01-06-2020 12:01:02:046"
"10048","GBP/USD","1.25048","1.25648","01-06-2020 12:01:02:047"
"10049","GBP/USD","1.25049","1.25649","01-06-2020 12:01:02:048"
"10050","GBP/USD","1.2505","1.2565","01-06-2020 12:01:02:049"
"10051","GBP/USD","1.25051","1.25651","01-06-2020 12:01:02:050"
"10052","GBP/USD","1.25052","1.25652","01-06-2020 12:01:02:051"
"10053","GBP/USD","1.25053","1.25653","01-06-2020 12:01:02:052"
"10054","GBP/USD","1.25054","1.25654","01-06-2020 12:01:02:053"
"10055","GBP/USD","1.25055","1.25655","01-06-2020 12:01:02:054"
"10056","GBP/USD","1.25056","1.25656","01-06-2020 12:01:02:055"
"10057","GBP/USD","1.25057","1.25657","01-06-2020 12:01:02:056"
"10058","GBP/USD","1.25058","1.25658","01-06-2020 12:01:02:057"
"10059","GBP/USD","1.25059","1.25659","01-06-2020 12:01:02:058"
"10060","GBP/USD","1.2506","1.2566","01-06-2020 12:01:02:059"
"10061","GBP/USD","1.25061","1.25661","01-06-2020 12:01:02:060"
"10062","GBP/USD","1.25062","1.25662","01-06-2020 12:01:02:061"
"10063","GBP/USD","1.25063","1.25663","01-06-2020 12:01:02:062"
"10064","GBP/USD","1.25064","1.25664","01-06-2020 12:01:02:063"
"10065","GBP/USD","1.25065","1.25665","01-06-2020 12:01:02:064"
"10066","GBP/USD","1.25066","1.25666","01-06-2020 12:01:02:065"
"10067","GBP/USD","1.25067","1.25667","01-06-2020 12:01:02:066"
"10068","GBP/USD","1.25068","1.25668","01-06-2020 12:01:02:067"
"10069","GBP/USD","1.25069","1.25669","01-06-2020 12:01:02:068"
"10070","GBP/USD","1.2507","1.2567","01-06-2020 12:01:02:069"
"10071","GBP/USD","1.25071","1.25671","01-06-2020 12:01:02:070"
"10072","GBP/USD","1.25072","1.25672","01-06-2020 12:01:02:071"
"10073","GBP/USD","1.25073","1.25673","01-06-2020 12:01:02:072"
"10074","GBP/USD","1.25074","1.25674","01-06-2020 12:01:02:073"
"10075","GBP/USD","1.25075","1.25675","01-06-2020 12:01:02:074"
"10076","GBP/USD","1.25076","1.25676","01-06-2020 12:01:02:075"
"10077","GBP/USD","1.25077","1.25677","01-06-2020 12:01:02:076"
"10078","GBP/USD","1.25078","1.25678","01-06-2020 12:01:02:077"
"10079","GBP/USD","1.25079","1.25679","01-06-2020 12:01:02:078"
"10080","GBP/USD","1.2508","1.2568","01-06-2020 12:01:02:079"
"10081","GBP/USD","1.25081","1.25681","01-06-2020 12:01:02:080"
"10082","GBP/USD","1.25082","1.25682","01-06-2020 12:01:02:081"
"10083","GBP/USD","1.25083","1.25683","01-06-2020 12:01:02:082"
"10084","GBP/USD","1.25084","1.25684","01-06-2020 12:01:02:083"
"10085","GBP/USD","1.25085","1.25685","01-06-2020 12:01:02:084"
"10086","GBP/USD","1.25086","1.25686","01-06-2020 12:01:02:085"
"10087","GBP/USD","1.25087","1.25687","01-06-2020 12:01:02:086"
"10088","GBP/USD","1.25088","1.25688","01-06-2020 12:01:02:087"
"10089","GBP/USD","1.25089","1.25689","01-06-2020 12:01:02:088"
"10090","GBP/USD","1.2509","1.2569","01-06-2020 12:01:02:089"
"10091","GBP/USD","1.25091","1.25691","01-06-2020 12:01:02:090"
"10092","GBP/USD","1.25092","1.25692","01-06-2020 12:01:02:091"
"10093","GBP/USD","1.25093","1.25693","01-06-2020 12:01:02:092"
"10094","GBP/USD","1.25094","1.25694","01-06-2020 12:01:02:093"
"10095","GBP/USD","1.25095","1.25695","01-06-2020 12:01:02:094"
"10096","GBP/USD","1.25096","1.25696","01-06-2020 12:01:02:095"
"10097","GBP/USD","1.25097","1.25697","01-06-2020 12:01:02:096"
"10098","GBP/USD","1.25098","1.25698","01-06-2020 12:01:02:097"
"10099","GBP/USD","1.25099","1.25699","01-06-2020 12:01:02:098"
"10100","GBP/USD","1.251","1.257","01-06-2020 12:01:02:099"
"10101","GBP/USD","1.25101","1.25701","01-06-2020 12:01:02:100"
"10102","GBP/USD","1.25102","1.25702","01-06-2020 12:01:02:101"
"10103","GBP/USD","1.25103","1.25703","01-06-2020 12:01:02:102"
"10104","GBP/USD","1.25104","1.25704","01-06-2020 12:01:02:103"
"10105","GBP/USD","1.25105","1.25705","01-06-2020 12:01:02:104"
"10106","GBP/USD","1.25106","1.25706","01-06-2020 12:01:02:105"
"10107","GBP/USD","1.25107","1.25707","01-06-2020 12:01:02:106"
"10108","GBP/USD","1.25108","1.25708","01-06-2020 12:01:02:107"
"10109","GBP/USD","1.25109","1.25709","01-06-2020 12:01:02:108"
"10110","GBP/USD","1.2511","1.2571","01-06-2020 12:01:02:109"
"10111","GBP/USD","1.25111","1.25711","01-06-2020 12:01:02:110"
"10112","GBP/USD","1.25112","1.25712","01-06-2020 12:01:02:111"
"10113","GBP/USD","1.25113","1.25713","01-06-2020 12:01:02:112"
"10114","GBP/USD","1.25114","1.25714","01-06-2020 12:01:02:113"
"10115","GBP/USD","1.25115","1.25715","01-06-2020 12:01:02:114"
"10116","GBP/USD","1.25116","1.25716","01-06-2020 12:01:02:115"
"10117","GBP/USD","1.25117","1.25717","01-06-2020 12:01:02:116"
"10118","GBP/USD","1.25118","1.25718","01-06-2020 12:01:02:117"
"10119","GBP/USD","1.25119","1.25719","01-06-2020 12:01:02:118"
"10120","GBP/USD","1.2512","1.2572","01-06-2020 12:01:02:119"
"10121","GBP/USD","1.25121","1.25721","01-06-2020 12:01:02:120"
"10122","GBP/USD","1.25122","1.25722","01-06-2020 12:01:02:121"
"10123","GBP/USD","1.25123","1.25723","01-06-2020 12:01:02:122"
"10124","GBP/USD","1.25124","1.25724","01-06-2020 12:01:02:123"
"10125","GBP/USD","1.25125","1.25725","01-06-2020 12:01:02:124"
"10126","GBP/USD","1.25126","1.25726","01-06-2020 12:01:02:125"
"10127","GBP/USD","1.25127","1.25727","01-06-2020 12:01:02:126"
"10128","GBP/USD","1.25128","1.25728","01-06-2020 12:01:02:127"
"10129","GBP/USD","1.25129","1.25729","01-06-2020 12:01:02:128"
"10130","GBP/USD","1.2513","1.2573","01-06-2020 12:01:02:129"
"10131","GBP/USD","1.25131","1.25731","01-06-2020 12:01:02:130"
"10132","GBP/USD","1.25132","1.25732","01-06-2020 12:01:02:131"
"10133","GBP/USD","1.25133","1.25733","01-06-2020 12:01:02:132"
"10134","GBP/USD","1.25134","1.25734","01-06-2020 12:01:02:133"
"10135","GBP/USD","1.25135","1.25735","01-06-2020 12:01:02:134"
"10136","GBP/USD","1.25136","1.25736","01-06-2020 12:01:02:135"
"10137","GBP/USD","1.25137","1.25737","01-06-2020 12:01:02:136"
"10138","GBP/USD","1.25138","1.25738","01-06-2020 12:01:02:137"
"10139","GBP/USD","1.25139","1.25739","01-06-2020 12:01:02:138"
"10140","GBP/USD","1.2514","1.2574","01-06-2020 12:01:02:139"
"10141","GBP/USD","1.25141","1.25741","01-06-2020 12:01:02:140"
"10142","GBP/USD","1.25142","1.25742","01-06-2020 12:01:02:141"
"10143","GBP/USD","1.25143","1.25743","01-06-2020 12:01:02:142"
"10144","GBP/USD","1.25144","1.25744","01-06-2020 12:01:02:143"
"10145","GBP/USD","1.25145","1.25745","01-06-2020 12:01:02:144"
"10146","GBP/USD","1.25146","1.25746","01-06-2020 12:01:02:145"
"10147","GBP/USD","1.25147","1.25747","01-06-2020 12:01:02:146"
"10148","GBP/USD","1.25148","1.25748","01-06-2020 12:01:02:147"
"10149","GBP/USD","1.25149","1.25749","01-06-2020 12:01:02:148"
"10150","GBP/USD","1.2515","1.2575","01-06-2020 12:01:02:149"
"10151","GBP/USD","1.25151","1.25751","01-06-2020 12:01:02:150"
"10152","GBP/USD","1.25152","1.25752","01-06-2020 12:01:02:151"
"10153","GBP/USD","1.25153","1.25753","01-06-2020 12:01:02:152"
"10154","GBP/USD","1.25154","1.25754","01-06-2020 12:01:02:153"
"10155","GBP/USD","1.25155","1.25755","01-06-2020 12:01:02:154"
"10156","GBP/USD","1.25156","1.25756","01-06-2020 12:01:02:155"
"10157","GBP/USD","1.25157","1.25757","01-06-2020 12:01:02:156"
"10158","GBP/USD","1.25158","1.25758","01-06-2020 12:01:02:157"
"10159","GBP/USD","1.25159","1.25759","01-06-2020 12:01:02:158"
"10160","GBP/USD","1.2516","1.2576","01-06-2020 12:01:02:159"
"10161","GBP/USD","1.25161","1.25761","01-06-2020 12:01:02:160"
"10162","GBP/USD","1.25162","1.25762","01-06-2020 12:01:02:161"
"10163","GBP/USD","1.25163","1.25763","01-06-2020 12:01:02:162"
"10164","GBP/USD","1.25164","1.25764","01-06-2020 12:01:02:163"
"10165","GBP/USD","1.25165","1.25765","01-06-2020 12:01:02:164"
"10166","GBP/USD","1.25166","1.25766","01-06-2020 12:01:02:165"
"10167","GBP/USD","1.25167","1.25767","01-06-2020 12:01:02:166"
"10168","GBP/USD","1.25168","1.25768","01-06-2020 12:01:02:167"
"10169","GBP/USD","1.25169","1.25769","01-06-2020 12:01:02:168"
"10170","GBP/USD","1.2517","1.2577","01-06-2020 12:01:02:169"
"10171","GBP/USD","1.25171","1.25771","01-06-2020 12:01:02:170"
"10172","GBP/USD","1.25172","1.25772","01-06-2020 12:01:02:171"
"10173","GBP/USD","1.25173","1.25773","01-06-2020 12:01:02:172"
"10174","GBP/USD","1.25174","1.25774","01-06-2020 12:01:02:173"
"10175","GBP/USD","1.25175","1.25775","01-06-2020 12:01:02:174"
"10176","GBP/USD","1.25176","1.25776","01-06-2020 12:01:02:175"
"10177","GBP/USD","1.25177","1.25777","01-06-2020 12:01:02:176"
"10178","GBP/USD","1.25178","1.25778","01-06-2020 12:01:02:177"
"10179","GBP/USD","1.25179","1.25779","01-06-2020 12:01:02:178"
"10180","GBP/USD","1.2518","1.2578","01-06-2020 12:01:02:179"
"10181","GBP/USD","1.25181","1.25781","01-06-2020 12:01:02:180"
"10182","GBP/USD","1.25182","1.25782","01-06-2020 12:01:02:181"
"10183","GBP/USD","1.25183","1.25783","01-06-2020 12:01:02:182"
"10184","GBP/USD","1.25184","1.25784","01-06-2020 12:01:02:183"
"10185","GBP/USD","1.25185","1.25785","01-06-2020 12:01:02:184"
"10186","GBP/USD","1.25186","1.25786","01-06-2020 12:01:02:185"
"10187","GBP/USD","1.25187","1.25787","01-06-2020 12:01:02:186"
"10188","GBP/USD","1.25188","1.25788","01-06-2020 12:01:02:187"
"10189","GBP/USD","1.25189","1.25789","01-06-2020 12:01:02:188"
"10190","GBP/USD","1.2519","1.2579","01-06-2020 12:01:02:189"
"10191","GBP/USD","1.25191","1.25791","01-06-2020 12:01:02:190"
"10192","GBP/USD","1.25192","1.25792","01-06-2020 12:01:02:191"
"10193","GBP/USD","1.25193","1.25793","01-06-2020 12:01:02:192"
"10194","GBP/USD","1.25194","1.25794","01-06-2020 12:01:02:193"
"10195","GBP/USD","1.25195","1.25795","01-06-2020 12:01:02:194"
"10196","GBP/USD","1.25196","1.25796","01-06-2020 12:01:02:195"
"10197","GBP/USD","1.25197","1.25797","01-06-2020 12:01:02:196"
"10198","GBP/USD","1.25198","1.25798","01-06-2020 12:01:02:197"
"10199","GBP/USD","1.25199","1.25799","01-06-2020 12:01:02:198"
"10200","GBP/USD","1.252","1.258","01-06-2020 12:01:02:199"
"10201","GBP/USD","1.25201","1.25801","01-06-2020 12:01:02:200"
"10202","GBP/USD","1.25202","1.25802","01-06-2020 12:01:02:201"
"10203","GBP/USD","1.25203","1.25803","01-06-2020 12:01:02:202"
"10204","GBP/USD","1.25204","1.25804","01-06-2020 12:01:02:203"
"10205","GBP/USD","1.25205","1.25805","01-06-2020 12:01:02:204"
"10206","GBP/USD","1.25206","1.25806","01-06-2020 12:01:02:205"
"10207","GBP/USD","1.25207","1.25807","01-06-2020 12:01:02:206"
"10208","GBP/USD","1.25208","1.25808","01-06-2020 12:01:02:207"
"10209","GBP/USD","1.25209","1.25809","01-06-2020 12:01:02:208"
"10210","GBP/USD","1.2521","1.2581","01-06-2020 12:01:02:209"
"10211","GBP/USD","1.25211","1.25811","01-06-2020 12:01:02:210"
"10212","GBP/USD","1.25212","1.25812","01-06-2020 12:01:02:211"
"10213","GBP/USD","1.25213","1.25813","01-06-2020 12:01:02:212"
"10214","GBP/USD","1.25214","1.25814","01-06-2020 12:01:02:213"
"10215","GBP/USD","1.25215","1.25815","01-06-2020 12:01:02:214"
"10216","GBP/USD","1.25216","1.25816","01-06-2020 12:01:02:215"
"10217","GBP/USD","1.25217","1.25817","01-06-2020 12:01:02:216"
"10218","GBP/USD","1.25218","1.25818","01-06-2020 12:01:02:217"
"10219","GBP/USD","1.25219","1.25819","01-06-2020 12:01:02:218"
"10220","GBP/USD","1.2522","1.2582","01-06-2020 12:01:02:219"
"10221","GBP/USD","1.25221","1.25821","01-06-2020 12:01:02:220"
"10222","GBP/USD","1.25222","1.25822","01-06-2020 12:01:02:221"
"10223","GBP/USD","1.25223","1.25823","01-06-2020 12:01:02:222"
"10224","GBP/USD","1.25224","1.25824","01-06-2020 12:01:02:223"
"10225","GBP/USD","1.25225","1.25825","01-06-2020 12:01:02:224"
"10226","GBP/USD","1.25226","1.25826","01-06-2020 12:01:02:225"
"10227","GBP/USD","1.25227","1.25827","01-06-2020 12:01:02:226"
"10228","GBP/USD","1.25228","1.25828","01-06-2020 12:01:02:227"
"10229","GBP/USD","1.25229","1.25829","01-06-2020 12:01:02:228"
"10230","GBP/USD","1.2523","1.2583","01-06-2020 12:01:02:229"
"10231","GBP/USD","1.25231","1.25831","01-06-2020 12:01:02:230"
"10232","GBP/USD","1.25232","1.25832","01-06-2020 12:01:02:231"
"10233","GBP/USD","1.25233","1.25833","01-06-2020 12:01:02:232"
"10234","GBP/USD","1.25234","1.25834","01-06-2020 12:01:02:233"
"10235","GBP/USD","1.25235","1.25835","01-06-2020 12:01:02:234"
"10236","GBP/USD","1.25236","1.25836","01-06-2020 12:01:02:235"
"10237","GBP/USD","1.25237","1.25837","01-06-2020 12:01:02:236"
"10238","GBP/USD","1.25238","1.25838","01-06-2020 12:01:02:237"
"10239","GBP/USD","1.25239","1.25839","01-06-2020 12:01:02:238"
"10240","GBP/USD","1.2524","1.2584","01-06-2020 12:01:02:239"
"10241","GBP/USD","1.25241","1.25841","01-06-2020 12:01:02:240"
"10242","GBP/USD","1.25242","1.25842","01-06-2020 12:01:02:241"
"10243","GBP/USD","1.25243","1.25843","01-06-2020 12:01:02:242"
"10244","GBP/USD","1.25244","1.25844","01-06-2020 12:01:02:243"
"10245","GBP/USD","1.25245","1.25845","01-06-2020 12:01:02:244"
"10246","GBP/USD","1.25246","1.25846","01-06-2020 12:01:02:245"
"10247","GBP/USD","1.25247","1.25847","01-06-2020 12:01:02:246"
"10248","GBP/USD","1.25248","1.25848","01-06-2020 12:01:02:247"
"10249","GBP/USD","1.25249","1.25849","01-06-2020 12:01:02:248"
"10250","GBP/USD","1.2525","1.2585","01-06-2020 12:01:02:249"
"10251","GBP/USD","1.25251","1.25851","01-06-2020 12:01:02:250"
"10252","GBP/USD","1.25252","1.25852","01-06-2020 12:01:02:251"
"10253","GBP/USD","1.25253","1.25853","01-06-2020 12:01:02:252"
"10254","GBP/USD","1.25254","1.25854","01-06-2020 12:01:02:253"
"10255","GBP/USD","1.25255","1.25855","01-06-2020 12:01:02:254"
"10256","GBP/USD","1.25256","1.25856","01-06-2020 12:01:02:255"
"10257","GBP/USD","1.25257","1.25857","01-06-2020 12:01:02:256"
"10258","GBP/USD","1.25258","1.25858","01-06-2020 12:01:02:257"
"10259","GBP/USD","1.25259","1.25859","01-06-2020 12:01:02:258"
"10260","GBP/USD","1.2526","1.2586","01-06-2020 12:01:02:259"
"10261","GBP/USD","1.25261","1.25861","01-06-2020 12:01:02:260"
"10262","GBP/USD","1.25262","1.25862","01-06-2020 12:01:02:261"
"10263","GBP/USD","1.25263","1.25863","01-06-2020 12:01:02:262"
"10264","GBP/USD","1.25264","1.25864","01-06-2020 12:01:02:263"
"10265","GBP/USD","1.25265","1.25865","01-06-2020 12:01:02:264"
"10266","GBP/USD","1.25266","1.25866","01-06-2020 12:01:02:265"
"10267","GBP/USD","1.25267","1.25867","01-06-2020 12:01:02:266"
"10268","GBP/USD","1.25268","1.25868","01-06-2020 12:01:02:267"
"10269","GBP/USD","1.25269","1.25869","01-06-2020 12:01:02:268"
"10270","GBP/USD","1.2527","1.2587","01-06-2020 12:01:02:269"
"10271","GBP/USD","1.25271","1.25871","01-06-2020 12:01:02:270"
"10272","GBP/USD","1.25272","1.25872","01-06-2020 12:01:02:271"
"10273","GBP/USD","1.25273","1.25873","01-06-2020 12:01:02:272"
"10274","GBP/USD","1.25274","1.25874","01-06-2020 12:01:02:273"
"10275","GBP/USD","1.25275","1.25875","01-06-2020 12:01:02:274"
"10276","GBP/USD","1.25276","1.25876","01-06-2020 12:01:02:275"
"10277","GBP/USD","1.25277","1.25877","01-06-2020 12:01:02:276"
"10278","GBP/USD","1.25278","1.25878","01-06-2020 12:01:02:277"
"10279","GBP/USD","1.25279","1.25879","01-06-2020 12:01:02:278"
"10280","GBP/USD","1.2528","1.2588","01-06-2020 12:01:02:279"
"10281","GBP/USD","1.25281","1.25881","01-06-2020 12:01:02:280"
"10282","GBP/USD","1.25282","1.25882","01-06-2020 12:01:02:281"
"10283","GBP/USD","1.25283","1.25883","01-06-2020 12:01:02:282"
"10284","GBP/USD","1.25284","1.25884","01-06-2020 12:01:02:283"
"10285","GBP/USD","1.25285","1.25885","01-06-2020 12:01:02:284"
"10286","GBP/USD","1.25286","1.25886","01-06-2020 12:01:02:285"
"10287","GBP/USD","1.25287","1.25887","01-06-2020 12:01:02:286"
"10288","GBP/USD","1.25288","1.25888","01-06-2020 12:01:02:287"
"10289","GBP/USD","1.25289","1.25889","01-06-2020 12:01:02:288"
"10290","GBP/USD","1.2529","1.2589","01-06-2020 12:01:02:289"
"10291","GBP/USD","1.25291","1.25891","01-06-2020 12:01:02:290"
"10292","GBP/USD","1.25292","1.25892","01-06-2020 12:01:02:291"
"10293","GBP/USD","1.25293","1.25893","01-06-2020 12:01:02:292"
"10294","GBP/USD","1.25294","1.25894","01-06-2020 12:01:02:293"
"10295","GBP/USD","1.25295","1.25895","01-06-2020 12:01:02:294"
"10296","GBP/USD","1.25296","1.25896","01-06-2020 12:01:02:295"
"10297","GBP/USD","1.25297","1.25897","01-06-2020 12:01:02:296"
"10298","GBP/USD","1.25298","1.25898","01-06-2020 12:01:02:297"
"10299","GBP/USD","1.25299","1.25899","01-06-2020 12:01:02:298"
"10300","GBP/USD","1.253","1.259","01-06-2020 12:01:02:299"
"10301","GBP/USD","1.25301","1.25901","01-06-2020 12:01:02:300"
"10302","GBP/USD","1.25302","1.25902","01-06-2020 12:01:02:301"
"10303","GBP/USD","1.25303","1.25903","01-06-2020 12:01:02:302"
"10304","GBP/USD","1.25304","1.25904","01-06-2020 12:01:02:303"
"10305","GBP/USD","1.25305","1.25905","01-06-2020 12:01:02:304"
"10306","GBP/USD","1.25306","1.25906","01-06-2020 12:01:02:305"
"10307","GBP/USD","1.25307","1.25907","01-06-2020 12:01:02:306"
"10308","GBP/USD","1.25308","1.25908","01-06-2020 12:01:02:307"
"10309","GBP/USD","1.25309","1.25909","01-06-2020 12:01:02:308"
"10310","GBP/USD","1.2531","1.2591","01-06-2020 12:01:02:309"
"10311","GBP/USD","1.25311","1.25911","01-06-2020 12:01:02:310"
"10312","GBP/USD","1.25312","1.25912","01-06-2020 12:01:02:311"
"10313","GBP/USD","1.25313","1.25913","01-06-2020 12:01:02:312"
"10314","GBP/USD","1.25314","1.25914","01-06-2020 12:01:02:313"
"10315","GBP/USD","1.25315","1.25915","01-06-2020 12:01:02:314"
"10316","GBP/USD","1.25316","1.25916","01-06-2020 12:01:02:315"
"10317","GBP/USD","1.25317","1.25917","01-06-2020 12:01:02:316"
"10318","GBP/USD","1.25318","1.25918","01-06-2020 12:01:02:317"
"10319","GBP/USD","1.25319","1.25919","01-06-2020 12:01:02:318"
"10320","GBP/USD","1.2532","1.2592","01-06-2020 12:01:02:319"
"10321","GBP/USD","1.25321","1.25921","01-06-2020 12:01:02:320"
"10322","GBP/USD","1.25322","1.25922","01-06-2020 12:01:02:321"
"10323","GBP/USD","1.25323","1.25923","01-06-2020 12:01:02:322"
"10324","GBP/USD","1.25324","1.25924","01-06-2020 12:01:02:323"
"10325","GBP/USD","1.25325","1.25925","01-06-2020 12:01:02:324"
"10326","GBP/USD","1.25326","1.25926","01-06-2020 12:01:02:325"
"10327","GBP/USD","1.25327","1.25927","01-06-2020 12:01:02:326"
"10328","GBP/USD","1.25328","1.25928","01-06-2020 12:01:02:327"
"10329","GBP/USD","1.25329","1.25929","01-06-2020 12:01:02:328"
"10330","GBP/USD","1.2533","1.2593","01-06-2020 12:01:02:329"
"10331","GBP/USD","1.25331","1.25931","01-06-2020 12:01:02:330"
"10332","GBP/USD","1.25332","1.25932","01-06-2020 12:01:02:331"
"10333","GBP/USD","1.25333","1.25933","01-06-2020 12:01:02:332"
"10334","GBP/USD","1.25334","1.25934","01-06-2020 12:01:02:333"
"10335","GBP/USD","1.25335","1.25935","01-06-2020 12:01:02:334"
"10336","GBP/USD","1.25336","1.25936","01-06-2020 12:01:02:335"
"10337","GBP/USD","1.25337","1.25937","01-06-2020 12:01:02:336"
"10338","GBP/USD","1.25338","1.25938","01-06-2020 12:01:02:337"
"10339","GBP/USD","1.25339","1.25939","01-06-2020 12:01:02:338"
"10340","GBP/USD","1.2534","1.2594","01-06-2020 12:01:02:339"
"10341","GBP/USD","1.25341","1.25941","01-06-2020 12:01:02:340"
"10342","GBP/USD","1.25342","1.25942","01-06-2020 12:01:02:341"
"10343","GBP/USD","1.25343","1.25943","01-06-2020 12:01:02:342"
"10344","GBP/USD","1.25344","1.25944","01-06-2020 12:01:02:343"
"10345","GBP/USD","1.25345","1.25945","01-06-2020 12:01:02:344"
"10346","GBP/USD","1.25346","1.25946","01-06-2020 12:01:02:345"
"10347","GBP/USD","1.25347","1.25947","01-06-2020 12:01:02:346"
"10348","GBP/USD","1.25348","1.25948","01-06-2020 12:01:02:347"
"10349","GBP/USD","1.25349","1.25949","01-06-2020 12:01:02:348"
"10350","GBP/USD","1.2535","1.2595","01-06-2020 12:01:02:349"
"10351","GBP/USD","1.25351","1.25951","01-06-2020 12:01:02:350"
"10352","GBP/USD","1.25352","1.25952","01-06-2020 12:01:02:351"
"10353","GBP/USD","1.25353","1.25953","01-06-2020 12:01:02:352"
"10354","GBP/USD","1.25354","1.25954","01-06-2020 12:01:02:353"
"10355","GBP/USD","1.25355","1.25955","01-06-2020 12:01:02:354"
"10356","GBP/USD","1.25356","1.25956","01-06-2020 12:01:02:355"
"10357","GBP/USD","1.25357","1.25957","01-06-2020 12:01:02:356"
"10358","GBP/USD","1.25358","1.25958","01-06-2020 12:01:02:357"
"10359","GBP/USD","1.25359","1.25959","01-06-2020 12:01:02:358"
"10360","GBP/USD","1.2536","1.2596","01-06-2020 12:01:02:359"
"10361","GBP/USD","1.25361","1.25961","01-06-2020 12:01:02:360"
"10362","GBP/USD","1.25362","1.25962","01-06-2020 12:01:02:361"
"10363","GBP/USD","1.25363","1.25963","01-06-2020 12:01:02:362"
"10364","GBP/USD","1.25364","1.25964","01-06-2020 12:01:02:363"
"10365","GBP/USD","1.25365","1.25965","01-06-2020 12:01:02:364"
"10366","GBP/USD","1.25366","1.25966","01-06-2020 12:01:02:365"
"10367","GBP/USD","1.25367","1.25967","01-06-2020 12:01:02:366"
"10368","GBP/USD","1.25368","1.25968","01-06-2020 12:01:02:367"
"10369","GBP/USD","1.25369","1.25969","01-06-2020 12:01:02:368"
"10370","GBP/USD","1.2537","1.2597","01-06-2020 12:01:02:369"
"10371","GBP/USD","1.25371","1.25971","01-06-2020 12:01:02:370"
"10372","GBP/USD","1.25372","1.25972","01-06-2020 12:01:02:371"
"10373","GBP/USD","1.25373","1.25973","01-06-2020 12:01:02:372"
"10374","GBP/USD","1.25374","1.25974","01-06-2020 12:01:02:373"
"10375","GBP/USD","1.25375","1.25975","01-06-2020 12:01:02:374"
"10376","GBP/USD","1.25376","1.25976","01-06-2020 12:01:02:375"
"10377","GBP/USD","1.25377","1.25977","01-06-2020 12:01:02:376"
"10378","GBP/USD","1.25378","1.25978","01-06-2020 12:01:02:377"
"10379","GBP/USD","1.25379","1.25979","01-06-2020 12:01:02:378"
"10380","GBP/USD","1.2538","1.2598","01-06-2020 12:01:02:379"
"10381","GBP/USD","1.25381","1.25981","01-06-2020 12:01:02:380"
"10382","GBP/USD","1.25382","1.25982","01-06-2020 12:01:02:381"
"10383","GBP/USD","1.25383","1.25983","01-06-2020 12:01:02:382"
"10384","GBP/USD","1.25384","1.25984","01-06-2020 12:01:02:383"
"10385","GBP/USD","1.25385","1.25985","01-06-2020 12:01:02:384"
"10386","GBP/USD","1.25386","1.25986","01-06-2020 12:01:02:385"
"10387","GBP/USD","1.25387","1.25987","01-06-2020 12:01:02:386"
"10388","GBP/USD","1.25388","1.25988","01-06-2020 12:01:02:387"
"10389","GBP/USD","1.25389","1.25989","01-06-2020 12:01:02:388"
"10390","GBP/USD","1.2539","1.2599","01-06-2020 12:01:02:389"
"10391","GBP/USD","1.25391","1.25991","01-06-2020 12:01:02:390"
"10392","GBP/USD","1.25392","1.25992","01-06-2020 12:01:02:391"
"10393","GBP/USD","1.25393","1.25993","01-06-2020 12:01:02:392"
"10394","GBP/USD","1.25394","1.25994","01-06-2020 12:01:02:393"
"10395","GBP/USD","1.25395","1.25995","01-06-2020 12:01:02:394"
"10396","GBP/USD","1.25396","1.25996","01-06-2020 12:01:02:395"
"10397","GBP/USD","1.25397","1.25997","01-06-2020 12:01:02:396"
"10398","GBP/USD","1.25398","1.25998","01-06-2020 12:01:02:397"
"10399","GBP/USD","1.25399","1.25999","01-06-2020 12:01:02:398"
"10400","GBP/USD","1.254","1.26","01-06-2020 12:01:02:399"
"10401","GBP/USD","1.25401","1.26001","01-06-2020 12:01:02:400"
"10402","GBP/USD","1.25402","1.26002","01-06-2020 12:01:02:401"
"10403","GBP/USD","1.25403","1.26003","01-06-2020 12:01:02:402"
"10404","GBP/USD","1.25404","1.26004","01-06-2020 12:01:02:403"
"10405","GBP/USD","1.25405","1.26005","01-06-2020 12:01:02:404"
"10406","GBP/USD","1.25406","1.26006","01-06-2020 12:01:02:405"
"10407","GBP/USD","1.25407","1.26007","01-06-2020 12:01:02:406"
"10408","GBP/USD","1.25408","1.26008","01-06-2020 12:01:02:407"
"10409","GBP/USD","1.25409","1.26009","01-06-2020 12:01:02:408"
"10410","GBP/USD","1.2541","1.2601","01-06-2020 12:01:02:409"
"10411","GBP/USD","1.25411","1.26011","01-06-2020 12:01:02:410"
"10412","GBP/USD","1.25412","1.26012","01-06-2020 12:01:02:411"
"10413","GBP/USD","1.25413","1.26013","01-06-2020 12:01:02:412"
"10414","GBP/USD","1.25414","1.26014","01-06-2020 12:01:02:413"
"10415","GBP/USD","1.25415","1.26015","01-06-2020 12:01:02:414"
"10416","GBP/USD","1.25416","1.26016","01-06-2020 12:01:02:415"
"10417","GBP/USD","1.25417","1.26017","01-06-2020 12:01:02:416"
"10418","GBP/USD","1.25418","1.26018","01-06-2020 12:01:02:417"
"10419","GBP/USD","1.25419","1.26019","01-06-2020 12:01:02:418"
"10420","GBP/USD","1.2542","1.2602","01-06-2020 12:01:02:419"
"10421","GBP/USD","1.25421","1.26021","01-06-2020 12:01:02:420"
"10422","GBP/USD","1.25422","1.26022","01-06-2020 12:01:02:421"
"10423","GBP/USD","1.25423","1.26023","01-06-2020 12:01:02:422"
"10424","GBP/USD","1.25424","1.26024","01-06-2020 12:01:02:423"
"10425","GBP/USD","1.25425","1.26025","01-06-2020 12:01:02:424"
"10426","GBP/USD","1.25426","1.26026","01-06-2020 12:01:02:425"
"10427","GBP/USD","1.25427","1.26027","01-06-2020 12:01:02:426"
"10428","GBP/USD","1.25428","1.26028","01-06-2020 12:01:02:427"
"10429","GBP/USD","1.25429","1.26029","01-06-2020 12:01:02:428"
"10430","GBP/USD","1.2543","1.2603","01-06-2020 12:01:02:429"
"10431","GBP/USD","1.25431","1.26031","01-06-2020 12:01:02:430"
"10432","GBP/USD","1.25432","1.26032","01-06-2020 12:01:02:431"
"10433","GBP/USD","1.25433","1.26033","01-06-2020 12:01:02:432"
"10434","GBP/USD","1.25434","1.26034","01-06-2020 12:01:02:433"
"10435","GBP/USD","1.25435","1.26035","01-06-2020 12:01:02:434"
"10436","GBP/USD","1.25436","1.26036","01-06-2020 12:01:02:435"
"10437","GBP/USD","1.25437","1.26037","01-06-2020 12:01:02:436"
"10438","GBP/USD","1.25438","1.26038","01-06-2020 12:01:02:437"
"10439","GBP/USD","1.25439","1.26039","01-06-2020 12:01:02:438"
"10440","GBP/USD","1.2544","1.2604","01-06-2020 12:01:02:439"
"10441","GBP/USD","1.25441","1.26041","01-06-2020 12:01:02:440"
"10442","GBP/USD","1.25442","1.26042","01-06-2020 12:01:02:441"
"10443","GBP/USD","1.25443","1.26043","01-06-2020 12:01:02:442"
"10444","GBP/USD","1.25444","1.26044","01-06-2020 12:01:02:443"
"10445","GBP/USD","1.25445","1.26045","01-06-2020 12:01:02:444"
"10446","GBP/USD","1.25446","1.26046","01-06-2020 12:01:02:445"
"10447","GBP/USD","1.25447","1.26047","01-06-2020 12:01:02:446"
"10448","GBP/USD","1.25448","1.26048","01-06-2020 12:01:02:447"
"10449","GBP/USD","1.25449","1.26049","01-06-2020 12:01:02:448"
"10450","GBP/USD","1.2545","1.2605","01-06-2020 12:01:02:449"
"10451","GBP/USD","1.25451","1.26051","01-06-2020 12:01:02:450"
"10452","GBP/USD","1.25452","1.26052","01-06-2020 12:01:02:451"
"10453","GBP/USD","1.25453","1.26053","01-06-2020 12:01:02:452"
"10454","GBP/USD","1.25454","1.26054","01-06-2020 12:01:02:453"
"10455","GBP/USD","1.25455","1.26055","01-06-2020 12:01:02:454"
"10456","GBP/USD","1.25456","1.26056","01-06-2020 12:01:02:455"
"10457","GBP/USD","1.25457","1.26057","01-06-2020 12:01:02:456"
"10458","GBP/USD","1.25458","1.26058","01-06-2020 12:01:02:457"
"10459","GBP/USD","1.25459","1.26059","01-06-2020 12:01:02:458"
"10460","GBP/USD","1.2546","1.2606","01-06-2020 12:01:02:459"
"10461","GBP/USD","1.25461","1.26061","01-06-2020 12:01:02:460"
"10462","GBP/USD","1.25462","1.26062","01-06-2020 12:01:02:461"
"10463","GBP/USD","1.25463","1.26063","01-06-2020 12:01:02:462"
"10464","GBP/USD","1.25464","1.26064","01-06-2020 12:01:02:463"
"10465","GBP/USD","1.25465","1.26065","01-06-2020 12:01:02:464"
"10466","GBP/USD","1.25466","1.26066","01-06-2020 12:01:02:465"
"10467","GBP/USD","1.25467","1.26067","01-06-2020 12:01:02:466"
"10468","GBP/USD","1.25468","1.26068","01-06-2020 12:01:02:467"
"10469","GBP/USD","1.25469","1.26069","01-06-2020 12:01:02:468"
"10470","GBP/USD","1.2547","1.2607","01-06-2020 12:01:02:469"
"10471","GBP/USD","1.25471","1.26071","01-06-2020 12:01:02:470"
"10472","GBP/USD","1.25472","1.26072","01-06-2020 12:01:02:471"
"10473","GBP/USD","1.25473","1.26073","01-06-2020 12:01:02:472"
"10474","GBP/USD","1.25474","1.26074","01-06-2020 12:01:02:473"
"10475","GBP/USD","1.25475","1.26075","01-06-2020 12:01:02:474"
"10476","GBP/USD","1.25476","1.26076","01-06-2020 12:01:02:475"
"10477","GBP/USD","1.25477","1.26077","01-06-2020 12:01:02:476"
"10478","GBP/USD","1.25478","1.26078","01-06-2020 12:01:02:477"
"10479","GBP/USD","1.25479","1.26079","01-06-2020 12:01:02:478"
"10480","GBP/USD","1.2548","1.2608","01-06-2020 12:01:02:479"
"10481","GBP/USD","1.25481","1.26081","01-06-2020 12:01:02:480"
"10482","GBP/USD","1.25482","1.26082","01-06-2020 12:01:02:481"
"10483","GBP/USD","1.25483","1.26083","01-06-2020 12:01:02:482"
"10484","GBP/USD","1.25484","1.26084","01-06-2020 12:01:02:483"
"10485","GBP/USD","1.25485","1.26085","01-06-2020 12:01:02:484"
"10486","GBP/USD","1.25486","1.26086","01-06-2020 12:01:02:485"
"10487","GBP/USD","1.25487","1.26087","01-06-2020 12:01:02:486"
"10488","GBP/USD","1.25488","1.26088","01-06-2020 12:01:02:487"
"10489","GBP/USD","1.25489","1.26089","01-06-2020 12:01:02:488"
"10490","GBP/USD","1.2549","1.2609","01-06-2020 12:01:02:489"
"10491","GBP/USD","1.25491","1.26091","01-06-2020 12:01:02:490"
"10492","GBP/USD","1.25492","1.26092","01-06-2020 12:01:02:491"
"10493","GBP/USD","1.25493","1.26093","01-06-2020 12:01:02:492"
"10494","GBP/USD","1.25494","1.26094","01-06-2020 12:01:02:493"
"10495","GBP/USD","1.25495","1.26095","01-06-2020 12:01:02:494"
"10496","GBP/USD","1.25496","1.26096","01-06-2020 12:01:02:495"
"10497","GBP/USD","1.25497","1.26097","01-06-2020 12:01:02:496"
"10498","GBP/USD","1.25498","1.26098","01-06-2020 12:01:02:497"
"10499","GBP/USD","1.25499","1.26099","01-06-2020 12:01:02:498"
"10500","GBP/USD","1.255","1.261","01-06-2020 12:01:02:499"
"10501","GBP/USD","1.25501","1.26101","01-06-2020 12:01:02:500"
"10502","GBP/USD","1.25502","1.26102","01-06-2020 12:01:02:501"
"10503","GBP/USD","1.25503","1.26103","01-06-2020 12:01:02:502"
"10504","GBP/USD","1.25504","1.26104","01-06-2020 12:01:02:503"
"10505","GBP/USD","1.25505","1.26105","01-06-2020 12:01:02:504"
"10506","GBP/USD","1.25506","1.26106","01-06-2020 12:01:02:505"
"10507","GBP/USD","1.25507","1.26107","01-06-2020 12:01:02:506"
"10508","GBP/USD","1.25508","1.26108","01-06-2020 12:01:02:507"
"10509","GBP/USD","1.25509","1.26109","01-06-2020 12:01:02:508"
"10510","GBP/USD","1.2551","1.2611","01-06-2020 12:01:02:509"
"10511","GBP/USD","1.25511","1.26111","01-06-2020 12:01:02:510"
"10512","GBP/USD","1.25512","1.26112","01-06-2020 12:01:02:511"
"10513","GBP/USD","1.25513","1.26113","01-06-2020 12:01:02:512"
"10514","GBP/USD","1.25514","1.26114","01-06-2020 12:01:02:513"
"10515","GBP/USD","1.25515","1.26115","01-06-2020 12:01:02:514"
"10516","GBP/USD","1.25516","1.26116","01-06-2020 12:01:02:515"
"10517","GBP/USD","1.25517","1.26117","01-06-2020 12:01:02:516"
"10518","GBP/USD","1.25518","1.26118","01-06-2020 12:01:02:517"
"10519","GBP/USD","1.25519","1.26119","01-06-2020 12:01:02:518"
"10520","GBP/USD","1.2552","1.2612","01-06-2020 12:01:02:519"
"10521","GBP/USD","1.25521","1.26121","01-06-2020 12:01:02:520"
"10522","GBP/USD","1.25522","1.26122","01-06-2020 12:01:02:521"
"10523","GBP/USD","1.25523","1.26123","01-06-2020 12:01:02:522"
"10524","GBP/USD","1.25524","1.26124","01-06-2020 12:01:02:523"
"10525","GBP/USD","1.25525","1.26125","01-06-2020 12:01:02:524"
"10526","GBP/USD","1.25526","1.26126","01-06-2020 12:01:02:525"
"10527","GBP/USD","1.25527","1.26127","01-06-2020 12:01:02:526"
"10528","GBP/USD","1.25528","1.26128","01-06-2020 12:01:02:527"
"10529","GBP/USD","1.25529","1.26129","01-06-2020 12:01:02:528"
"10530","GBP/USD","1.2553","1.2613","01-06-2020 12:01:02:529"
"10531","GBP/USD","1.25531","1.26131","01-06-2020 12:01:02:530"
"10532","GBP/USD","1.25532","1.26132","01-06-2020 12:01:02:531"
"10533","GBP/USD","1.25533","1.26133","01-06-2020 12:01:02:532"
"10534","GBP/USD","1.25534","1.26134","01-06-2020 12:01:02:533"
"10535","GBP/USD","1.25535","1.26135","01-06-2020 12:01:02:534"
"10536","GBP/USD","1.25536","1.26136","01-06-2020 12:01:02:535"
"10537","GBP/USD","1.25537","1.26137","01-06-2020 12:01:02:536"
"10538","GBP/USD","1.25538","1.26138","01-06-2020 12:01:02:537"
"10539","GBP/USD","1.25539","1.26139","01-06-2020 12:01:02:538"
"10540","GBP/USD","1.2554","1.2614","01-06-2020 12:01:02:539"
"10541","GBP/USD","1.25541","1.26141","01-06-2020 12:01:02:540"
"10542","GBP/USD","1.25542","1.26142","01-06-2020 12:01:02:541"
"10543","GBP/USD","1.25543","1.26143","01-06-2020 12:01:02:542"
"10544","GBP/USD","1.25544","1.26144","01-06-2020 12:01:02:543"
"10545","GBP/USD","1.25545","1.26145","01-06-2020 12:01:02:544"
"10546","GBP/USD","1.25546","1.26146","01-06-2020 12:01:02:545"
"10547","GBP/USD","1.25547","1.26147","01-06-2020 12:01:02:546"
"10548","GBP/USD","1.25548","1.26148","01-06-2020 12:01:02:547"
"10549","GBP/USD","1.25549","1.26149","01-06-2020 12:01:02:548"
"10550","GBP/USD","1.2555","1.2615","01-06-2020 12:01:02:549"
"10551","GBP/USD","1.25551","1.26151","01-06-2020 12:01:02:550"
"10552","GBP/USD","1.25552","1.26152","01-06-2020 12:01:02:551"
"10553","GBP/USD","1.25553","1.26153","01-06-2020 12:01:02:552"
"10554","GBP/USD","1.25554","1.26154","01-06-2020 12:01:02:553"
"10555","GBP/USD","1.25555","1.26155","01-06-2020 12:01:02:554"
"10556","GBP/USD","1.25556","1.26156","01-06-2020 12:01:02:555"
"10557","GBP/USD","1.25557","1.26157","01-06-2020 12:01:02:556"
"10558","GBP/USD","1.25558","1.26158","01-06-2020 12:01:02:557"
"10559","GBP/USD","1.25559","1.26159","01-06-2020 12:01:02:558"
"10560","GBP/USD","1.2556","1.2616","01-06-2020 12:01:02:559"
"10561","GBP/USD","1.25561","1.26161","01-06-2020 12:01:02:560"
"10562","GBP/USD","1.25562","1.26162","01-06-2020 12:01:02:561"
"10563","GBP/USD","1.25563","1.26163","01-06-2020 12:01:02:562"
"10564","GBP/USD","1.25564","1.26164","01-06-2020 12:01:02:563"
"10565","GBP/USD","1.25565","1.26165","01-06-2020 12:01:02:564"
"10566","GBP/USD","1.25566","1.26166","01-06-2020 12:01:02:565"
"10567","GBP/USD","1.25567","1.26167","01-06-2020 12:01:02:566"
"10568","GBP/USD","1.25568","1.26168","01-06-2020 12:01:02:567"
"10569","GBP/USD","1.25569","1.26169","01-06-2020 12:01:02:568"
"10570","GBP/USD","1.2557","1.2617","01-06-2020 12:01:02:569"
"10571","GBP/USD","1.25571","1.26171","01-06-2020 12:01:02:570"
"10572","GBP/USD","1.25572","1.26172","01-06-2020 12:01:02:571"
"10573","GBP/USD","1.25573","1.26173","01-06-2020 12:01:02:572"
"10574","GBP/USD","1.25574","1.26174","01-06-2020 12:01:02:573"
"10575","GBP/USD","1.25575","1.26175","01-06-2020 12:01:02:574"
"10576","GBP/USD","1.25576","1.26176","01-06-2020 12:01:02:575"
"10577","GBP/USD","1.25577","1.26177","01-06-2020 12:01:02:576"
"10578","GBP/USD","1.25578","1.26178","01-06-2020 12:01:02:577"
"10579","GBP/USD","1.25579","1.26179","01-06-2020 12:01:02:578"
"10580","GBP/USD","1.2558","1.2618","01-06-2020 12:01:02:579"
"10581","GBP/USD","1.25581","1.26181","01-06-2020 12:01:02:580"
"10582","GBP/USD","1.25582","1.26182","01-06-2020 12:01:02:581"
"10583","GBP/USD","1.25583","1.26183","01-06-2020 12:01:02:582"
"10584","GBP/USD","1.25584","1.26184","01-06-2020 12:01:02:583"
"10585","GBP/USD","1.25585","1.26185","01-06-2020 12:01:02:584"
"10586","GBP/USD","1.25586","1.26186","01-06-2020 12:01:02:585"
"10587","GBP/USD","1.25587","1.26187","01-06-2020 12:01:02:586"
"10588","GBP/USD","1.25588","1.26188","01-06-2020 12:01:02:587"
"10589","GBP/USD","1.25589","1.26189","01-06-2020 12:01:02:588"
"10590","GBP/USD","1.2559","1.2619","01-06-2020 12:01:02:589"
"10591","GBP/USD","1.25591","1.26191","01-06-2020 12:01:02:590"
"10592","GBP/USD","1.25592","1.26192","01-06-2020 12:01:02:591"
"10593","GBP/USD","1.25593","1.26193","01-06-2020 12:01:02:592"
"10594","GBP/USD","1.25594","1.26194","01-06-2020 12:01:02:593"
"10595","GBP/USD","1.25595","1.26195","01-06-2020 12:01:02:594"
"10596","GBP/USD","1.25596","1.26196","01-06-2020 12:01:02:595"
"10597","GBP/USD","1.25597","1.26197","01-06-2020 12:01:02:596"
"10598","GBP/USD","1.25598","1.26198","01-06-2020 12:01:02:597"
"10599","GBP/USD","1.25599","1.26199","01-06-2020 12:01:02:598"
"10600","GBP/USD","1.256","1.262","01-06-2020 12:01:02:599"
"10601","GBP/USD","1.25601","1.26201","01-06-2020 12:01:02:600"
"10602","GBP/USD","1.25602","1.26202","01-06-2020 12:01:02:601"
"10603","GBP/USD","1.25603","1.26203","01-06-2020 12:01:02:602"
"10604","GBP/USD","1.25604","1.26204","01-06-2020 12:01:02:603"
"10605","GBP/USD","1.25605","1.26205","01-06-2020 12:01:02:604"
"10606","GBP/USD","1.25606","1.26206","01-06-2020 12:01:02:605"
"10607","GBP/USD","1.25607","1.26207","01-06-2020 12:01:02:606"
"10608","GBP/USD","1.25608","1.26208","01-06-2020 12:01:02:607"
"10609","GBP/USD","1.25609","1.26209","01-06-2020 12:01:02:608"
"10610","GBP/USD","1.2561","1.2621","01-06-2020 12:01:02:609"
"10611","GBP/USD","1.25611","1.26211","01-06-2020 12:01:02:610"
"10612","GBP/USD","1.25612","1.26212","01-06-2020 12:01:02:611"
"10613","GBP/USD","1.25613","1.26213","01-06-2020 12:01:02:612"
"10614","GBP/USD","1.25614","1.26214","01-06-2020 12:01:02:613"
"10615","GBP/USD","1.25615","1.26215","01-06-2020 12:01:02:614"
"10616","GBP/USD","1.25616","1.26216","01-06-2020 12:01:02:615"
"10617","GBP/USD","1.25617","1.26217","01-06-2020 12:01:02:616"
"10618","GBP/USD","1.25618","1.26218","01-06-2020 12:01:02:617"
"10619","GBP/USD","1.25619","1.26219","01-06-2020 12:01:02:618"
"10620","GBP/USD","1.2562","1.2622","01-06-2020 12:01:02:619"
"10621","GBP/USD","1.25621","1.26221","01-06-2020 12:01:02:620"
"10622","GBP/USD","1.25622","1.26222","01-06-2020 12:01:02:621"
"10623","GBP/USD","1.25623","1.26223","01-06-2020 12:01:02:622"
"10624","GBP/USD","1.25624","1.26224","01-06-2020 12:01:02:623"
"10625","GBP/USD","1.25625","1.26225","01-06-2020 12:01:02:624"
"10626","GBP/USD","1.25626","1.26226","01-06-2020 12:01:02:625"
"10627","GBP/USD","1.25627","1.26227","01-06-2020 12:01:02:626"
"10628","GBP/USD","1.25628","1.26228","01-06-2020 12:01:02:627"
"10629","GBP/USD","1.25629","1.26229","01-06-2020 12:01:02:628"
"10630","GBP/USD","1.2563","1.2623","01-06-2020 12:01:02:629"
"10631","GBP/USD","1.25631","1.26231","01-06-2020 12:01:02:630"
"10632","GBP/USD","1.25632","1.26232","01-06-2020 12:01:02:631"
"10633","GBP/USD","1.25633","1.26233","01-06-2020 12:01:02:632"
"10634","GBP/USD","1.25634","1.26234","01-06-2020 12:01:02:633"
"10635","GBP/USD","1.25635","1.26235","01-06-2020 12:01:02:634"
"10636","GBP/USD","1.25636","1.26236","01-06-2020 12:01:02:635"
"10637","GBP/USD","1.25637","1.26237","01-06-2020 12:01:02:636"
"10638","GBP/USD","1.25638","1.26238","01-06-2020 12:01:02:637"
"10639","GBP/USD","1.25639","1.26239","01-06-2020 12:01:02:638"
"10640","GBP/USD","1.2564","1.2624","01-06-2020 12:01:02:639"
"10641","GBP/USD","1.25641","1.26241","01-06-2020 12:01:02:640"
"10642","GBP/USD","1.25642","1.26242","01-06-2020 12:01:02:641"
"10643","GBP/USD","1.25643","1.26243","01-06-2020 12:01:02:642"
"10644","GBP/USD","1.25644","1.26244","01-06-2020 12:01:02:643"
"10645","GBP/USD","1.25645","1.26245","01-06-2020 12:01:02:644"
"10646","GBP/USD","1.25646","1.26246","01-06-2020 12:01:02:645"
"10647","GBP/USD","1.25647","1.26247","01-06-2020 12:01:02:646"
"10648","GBP/USD","1.25648","1.26248","01-06-2020 12:01:02:647"
"10649","GBP/USD","1.25649","1.26249","01-06-2020 12:01:02:648"
"10650","GBP/USD","1.2565","1.2625","01-06-2020 12:01:02:649"
"10651","GBP/USD","1.25651","1.26251","01-06-2020 12:01:02:650"
"10652","GBP/USD","1.25652","1.26252","01-06-2020 12:01:02:651"
"10653","GBP/USD","1.25653","1.26253","01-06-2020 12:01:02:652"
"10654","GBP/USD","1.25654","1.26254","01-06-2020 12:01:02:653"
"10655","GBP/USD","1.25655","1.26255","01-06-2020 12:01:02:654"
"10656","GBP/USD","1.25656","1.26256","01-06-2020 12:01:02:655"
"10657","GBP/USD","1.25657","1.26257","01-06-2020 12:01:02:656"
"10658","GBP/USD","1.25658","1.26258","01-06-2020 12:01:02:657"
"10659","GBP/USD","1.25659","1.26259","01-06-2020 12:01:02:658"
"10660","GBP/USD","1.2566","1.2626","01-06-2020 12:01:02:659"
"10661","GBP/USD","1.25661","1.26261","01-06-2020 12:01:02:660"
"10662","GBP/USD","1.25662","1.26262","01-06-2020 12:01:02:661"
"10663","GBP/USD","1.25663","1.26263","01-06-2020 12:01:02:662"
"10664","GBP/USD","1.25664","1.26264","01-06-2020 12:01:02:663"
"10665","GBP/USD","1.25665","1.26265","01-06-2020 12:01:02:664"
"10666","GBP/USD","1.25666","1.26266","01-06-2020 12:01:02:665"
"10667","GBP/USD","1.25667","1.26267","01-06-2020 12:01:02:666"
"10668","GBP/USD","1.25668","1.26268","01-06-2020 12:01:02:667"
"10669","GBP/USD","1.25669","1.26269","01-06-2020 12:01:02:668"
"10670","GBP/USD","1.2567","1.2627","01-06-2020 12:01:02:669"
"10671","GBP/USD","1.25671","1.26271","01-06-2020 12:01:02:670"
"10672","GBP/USD","1.25672","1.26272","01-06-2020 12:01:02:671"
"10673","GBP/USD","1.25673","1.26273","01-06-2020 12:01:02:672"
"10674","GBP/USD","1.25674","1.26274","01-06-2020 12:01:02:673"
"10675","GBP/USD","1.25675","1.26275","01-06-2020 12:01:02:674"
"10676","GBP/USD","1.25676","1.26276","01-06-2020 12:01:02:675"
"10677","GBP/USD","1.25677","1.26277","01-06-2020 12:01:02:676"
"10678","GBP/USD","1.25678","1.26278","01-06-2020 12:01:02:677"
"10679","GBP/USD","1.25679","1.26279","01-06-2020 12:01:02:678"
"10680","GBP/USD","1.2568","1.2628","01-06-2020 12:01:02:679"
"10681","GBP/USD","1.25681","1.26281","01-06-2020 12:01:02:680"
"10682","GBP/USD","1.25682","1.26282","01-06-2020 12:01:02:681"
"10683","GBP/USD","1.25683","1.26283","01-06-2020 12:01:02:682"
"10684","GBP/USD","1.25684","1.26284","01-06-2020 12:01:02:683"
"10685","GBP/USD","1.25685","1.26285","01-06-2020 12:01:02:684"
"10686","GBP/USD","1.25686","1.26286","01-06-2020 12:01:02:685"
"10687","GBP/USD","1.25687","1.26287","01-06-2020 12:01:02:686"
"10688","GBP/USD","1.25688","1.26288","01-06-2020 12:01:02:687"
"10689","GBP/USD","1.25689","1.26289","01-06-2020 12:01:02:688"
"10690","GBP/USD","1.2569","1.2629","01-06-2020 12:01:02:689"
"10691","GBP/USD","1.25691","1.26291","01-06-2020 12:01:02:690"
"10692","GBP/USD","1.25692","1.26292","01-06-2020 12:01:02:691"
"10693","GBP/USD","1.25693","1.26293","01-06-2020 12:01:02:692"
"10694","GBP/USD","1.25694","1.26294","01-06-2020 12:01:02:693"
"10695","GBP/USD","1.25695","1.26295","01-06-2020 12:01:02:694"
"10696","GBP/USD","1.25696","1.26296","01-06-2020 12:01:02:695"
"10697","GBP/USD","1.25697","1.26297","01-06-2020 12:01:02:696"
"10698","GBP/USD","1.25698","1.26298","01-06-2020 12:01:02:697"
"10699","GBP/USD","1.25699","1.26299","01-06-2020 12:01:02:698"
"10700","GBP/USD","1.257","1.263","01-06-2020 12:01:02:699"
"10701","GBP/USD","1.25701","1.26301","01-06-2020 12:01:02:700"
"10702","GBP/USD","1.25702","1.26302","01-06-2020 12:01:02:701"
"10703","GBP/USD","1.25703","1.26303","01-06-2020 12:01:02:702"
"10704","GBP/USD","1.25704","1.26304","01-06-2020 12:01:02:703"
"10705","GBP/USD","1.25705","1.26305","01-06-2020 12:01:02:704"
"10706","GBP/USD","1.25706","1.26306","01-06-2020 12:01:02:705"
"10707","GBP/USD","1.25707","1.26307","01-06-2020 12:01:02:706"
"10708","GBP/USD","1.25708","1.26308","01-06-2020 12:01:02:707"
"10709","GBP/USD","1.25709","1.26309","01-06-2020 12:01:02:708"
"10710","GBP/USD","1.2571","1.2631","01-06-2020 12:01:02:709"
"10711","GBP/USD","1.25711","1.26311","01-06-2020 12:01:02:710"
"10712","GBP/USD","1.25712","1.26312","01-06-2020 12:01:02:711"
"10713","GBP/USD","1.25713","1.26313","01-06-2020 12:01:02:712"
"10714","GBP/USD","1.25714","1.26314","01-06-2020 12:01:02:713"
"10715","GBP/USD","1.25715","1.26315","01-06-2020 12:01:02:714"
"10716","GBP/USD","1.25716","1.26316","01-06-2020 12:01:02:715"
"10717","GBP/USD","1.25717","1.26317","01-06-2020 12:01:02:716"
"10718","GBP/USD","1.25718","1.26318","01-06-2020 12:01:02:717"
"10719","GBP/USD","1.25719","1.26319","01-06-2020 12:01:02:718"
"10720","GBP/USD","1.2572","1.2632","01-06-2020 12:01:02:719"
"10721","GBP/USD","1.25721","1.26321","01-06-2020 12:01:02:720"
"10722","GBP/USD","1.25722","1.26322","01-06-2020 12:01:02:721"
"10723","GBP/USD","1.25723","1.26323","01-06-2020 12:01:02:722"
"10724","GBP/USD","1.25724","1.26324","01-06-2020 12:01:02:723"
"10725","GBP/USD","1.25725","1.26325","01-06-2020 12:01:02:724"
"10726","GBP/USD","1.25726","1.26326","01-06-2020 12:01:02:725"
"10727","GBP/USD","1.25727","1.26327","01-06-2020 12:01:02:726"
"10728","GBP/USD","1.25728","1.26328","01-06-2020 12:01:02:727"
"10729","GBP/USD","1.25729","1.26329","01-06-2020 12:01:02:728"
"10730","GBP/USD","1.2573","1.2633","01-06-2020 12:01:02:729"
"10731","GBP/USD","1.25731","1.26331","01-06-2020 12:01:02:730"
"10732","GBP/USD","1.25732","1.26332","01-06-2020 12:01:02:731"
"10733","GBP/USD","1.25733","1.26333","01-06-2020 12:01:02:732"
"10734","GBP/USD","1.25734","1.26334","01-06-2020 12:01:02:733"
"10735","GBP/USD","1.25735","1.26335","01-06-2020 12:01:02:734"
"10736","GBP/USD","1.25736","1.26336","01-06-2020 12:01:02:735"
"10737","GBP/USD","1.25737","1.26337","01-06-2020 12:01:02:736"
"10738","GBP/USD","1.25738","1.26338","01-06-2020 12:01:02:737"
"10739","GBP/USD","1.25739","1.26339","01-06-2020 12:01:02:738"
"10740","GBP/USD","1.2574","1.2634","01-06-2020 12:01:02:739"
"10741","GBP/USD","1.25741","1.26341","01-06-2020 12:01:02:740"
"10742","GBP/USD","1.25742","1.26342","01-06-2020 12:01:02:741"
"10743","GBP/USD","1.25743","1.26343","01-06-2020 12:01:02:742"
"10744","GBP/USD","1.25744","1.26344","01-06-2020 12:01:02:743"
"10745","GBP/USD","1.25745","1.26345","01-06-2020 12:01:02:744"
"10746","GBP/USD","1.25746","1.26346","01-06-2020 12:01:02:745"
"10747","GBP/USD","1.25747","1.26347","01-06-2020 12:01:02:746"
"10748","GBP/USD","1.25748","1.26348","01-06-2020 12:01:02:747"
"10749","GBP/USD","1.25749","1.26349","01-06-2020 12:01:02:748"
"10750","GBP/USD","1.2575","1.2635","01-06-2020 12:01:02:749"
"10751","GBP/USD","1.25751","1.26351","01-06-2020 12:01:02:750"
"10752","GBP/USD","1.25752","1.26352","01-06-2020 12:01:02:751"
"10753","GBP/USD","1.25753","1.26353","01-06-2020 12:01:02:752"
"10754","GBP/USD","1.25754","1.26354","01-06-2020 12:01:02:753"
"10755","GBP/USD","1.25755","1.26355","01-06-2020 12:01:02:754"
"10756","GBP/USD","1.25756","1.26356","01-06-2020 12:01:02:755"
"10757","GBP/USD","1.25757","1.26357","01-06-2020 12:01:02:756"
"10758","GBP/USD","1.25758","1.26358","01-06-2020 12:01:02:757"
"10759","GBP/USD","1.25759","1.26359","01-06-2020 12:01:02:758"
"10760","GBP/USD","1.2576","1.2636","01-06-2020 12:01:02:759"
"10761","GBP/USD","1.25761","1.26361","01-06-2020 12:01:02:760"
"10762","GBP/USD","1.25762","1.26362","01-06-2020 12:01:02:761"
"10763","GBP/USD","1.25763","1.26363","01-06-2020 12:01:02:762"
"10764","GBP/USD","1.25764","1.26364","01-06-2020 12:01:02:763"
"10765","GBP/USD","1.25765","1.26365","01-06-2020 12:01:02:764"
"10766","GBP/USD","1.25766","1.26366","01-06-2020 12:01:02:765"
"10767","GBP/USD","1.25767","1.26367","01-06-2020 12:01:02:766"
"10768","GBP/USD","1.25768","1.26368","01-06-2020 12:01:02:767"
"10769","GBP/USD","1.25769","1.26369","01-06-2020 12:01:02:768"
"10770","GBP/USD","1.2577","1.2637","01-06-2020 12:01:02:769"
"10771","GBP/USD","1.25771","1.26371","01-06-2020 12:01:02:770"
"10772","GBP/USD","1.25772","1.26372","01-06-2020 12:01:02:771"
"10773","GBP/USD","1.25773","1.26373","01-06-2020 12:01:02:772"
"10774","GBP/USD","1.25774","1.26374","01-06-2020 12:01:02:773"
"10775","GBP/USD","1.25775","1.26375","01-06-2020 12:01:02:774"
"10776","GBP/USD","1.25776","1.26376","01-06-2020 12:01:02:775"
"10777","GBP/USD","1.25777","1.26377","01-06-2020 12:01:02:776"
"10778","GBP/USD","1.25778","1.26378","01-06-2020 12:01:02:777"
"10779","GBP/USD","1.25779","1.26379","01-06-2020 12:01:02:778"
"10780","GBP/USD","1.2578","1.2638","01-06-2020 12:01:02:779"
"10781","GBP/USD","1.25781","1.26381","01-06-2020 12:01:02:780"
"10782","GBP/USD","1.25782","1.26382","01-06-2020 12:01:02:781"
"10783","GBP/USD","1.25783","1.26383","01-06-2020 12:01:02:782"
"10784","GBP/USD","1.25784","1.26384","01-06-2020 12:01:02:783"
"10785","GBP/USD","1.25785","1.26385","01-06-2020 12:01:02:784"
"10786","GBP/USD","1.25786","1.26386","01-06-2020 12:01:02:785"
"10787","GBP/USD","1.25787","1.26387","01-06-2020 12:01:02:786"
"10788","GBP/USD","1.25788","1.26388","01-06-2020 12:01:02:787"
"10789","GBP/USD","1.25789","1.26389","01-06-2020 12:01:02:788"
"10790","GBP/USD","1.2579","1.2639","01-06-2020 12:01:02:789"
"10791","GBP/USD","1.25791","1.26391","01-06-2020 12:01:02:790"
"10792","GBP/USD","1.25792","1.26392","01-06-2020 12:01:02:791"
"10793","GBP/USD","1.25793","1.26393","01-06-2020 12:01:02:792"
"10794","GBP/USD","1.25794","1.26394","01-06-2020 12:01:02:793"
"10795","GBP/USD","1.25795","1.26395","01-06-2020 12:01:02:794"
"10796","GBP/USD","1.25796","1.26396","01-06-2020 12:01:02:795"
"10797","GBP/USD","1.25797","1.26397","01-06-2020 12:01:02:796"
"10798","GBP/USD","1.25798","1.26398","01-06-2020 12:01:02:797"
"10799","GBP/USD","1.25799","1.26399","01-06-2020 12:01:02:798"
"10800","GBP/USD","1.258","1.264","01-06-2020 12:01:02:799"
"10801","GBP/USD","1.25801","1.26401","01-06-2020 12:01:02:800"
"10802","GBP/USD","1.25802","1.26402","01-06-2020 12:01:02:801"
"10803","GBP/USD","1.25803","1.26403","01-06-2020 12:01:02:802"
"10804","GBP/USD","1.25804","1.26404","01-06-2020 12:01:02:803"
"10805","GBP/USD","1.25805","1.26405","01-06-2020 12:01:02:804"
"10806","GBP/USD","1.25806","1.26406","01-06-2020 12:01:02:805"
"10807","GBP/USD","1.25807","1.26407","01-06-2020 12:01:02:806"
"10808","GBP/USD","1.25808","1.26408","01-06-2020 12:01:02:807"
"10809","GBP/USD","1.25809","1.26409","01-06-2020 12:01:02:808"
"10810","GBP/USD","1.2581","1.2641","01-06-2020 12:01:02:809"
"10811","GBP/USD","1.25811","1.26411","01-06-2020 12:01:02:810"
"10812","GBP/USD","1.25812","1.26412","01-06-2020 12:01:02:811"
"10813","GBP/USD","1.25813","1.26413","01-06-2020 12:01:02:812"
"10814","GBP/USD","1.25814","1.26414","01-06-2020 12:01:02:813"
"10815","GBP/USD","1.25815","1.26415","01-06-2020 12:01:02:814"
"10816","GBP/USD","1.25816","1.26416","01-06-2020 12:01:02:815"
"10817","GBP/USD","1.25817","1.26417","01-06-2020 12:01:02:816"
"10818","GBP/USD","1.25818","1.26418","01-06-2020 12:01:02:817"
"10819","GBP/USD","1.25819","1.26419","01-06-2020 12:01:02:818"
"10820","GBP/USD","1.2582","1.2642","01-06-2020 12:01:02:819"
"10821","GBP/USD","1.25821","1.26421","01-06-2020 12:01:02:820"
"10822","GBP/USD","1.25822","1.26422","01-06-2020 12:01:02:821"
"10823","GBP/USD","1.25823","1.26423","01-06-2020 12:01:02:822"
"10824","GBP/USD","1.25824","1.26424","01-06-2020 12:01:02:823"
"10825","GBP/USD","1.25825","1.26425","01-06-2020 12:01:02:824"
"10826","GBP/USD","1.25826","1.26426","01-06-2020 12:01:02:825"
"10827","GBP/USD","1.25827","1.26427","01-06-2020 12:01:02:826"
"10828","GBP/USD","1.25828","1.26428","01-06-2020 12:01:02:827"
"10829","GBP/USD","1.25829","1.26429","01-06-2020 12:01:02:828"
"10830","GBP/USD","1.2583","1.2643","01-06-2020 12:01:02:829"
"10831","GBP/USD","1.25831","1.26431","01-06-2020 12:01:02:830"
"10832","GBP/USD","1.25832","1.26432","01-06-2020 12:01:02:831"
"10833","GBP/USD","1.25833","1.26433","01-06-2020 12:01:02:832"
"10834","GBP/USD","1.25834","1.26434","01-06-2020 12:01:02:833"
"10835","GBP/USD","1.25835","1.26435","01-06-2020 12:01:02:834"
"10836","GBP/USD","1.25836","1.26436","01-06-2020 12:01:02:835"
"10837","GBP/USD","1.25837","1.26437","01-06-2020 12:01:02:836"
"10838","GBP/USD","1.25838","1.26438","01-06-2020 12:01:02:837"
"10839","GBP/USD","1.25839","1.26439","01-06-2020 12:01:02:838"
"10840","GBP/USD","1.2584","1.2644","01-06-2020 12:01:02:839"
"10841","GBP/USD","1.25841","1.26441","01-06-2020 12:01:02:840"
"10842","GBP/USD","1.25842","1.26442","01-06-2020 12:01:02:841"
"10843","GBP/USD","1.25843","1.26443","01-06-2020 12:01:02:842"
"10844","GBP/USD","1.25844","1.26444","01-06-2020 12:01:02:843"
"10845","GBP/USD","1.25845","1.26445","01-06-2020 12:01:02:844"
"10846","GBP/USD","1.25846","1.26446","01-06-2020 12:01:02:845"
"10847","GBP/USD","1.25847","1.26447","01-06-2020 12:01:02:846"
"10848","GBP/USD","1.25848","1.26448","01-06-2020 12:01:02:847"
"10849","GBP/USD","1.25849","1.26449","01-06-2020 12:01:02:848"
"10850","GBP/USD","1.2585","1.2645","01-06-2020 12:01:02:849"
"10851","GBP/USD","1.25851","1.26451","01-06-2020 12:01:02:850"
"10852","GBP/USD","1.25852","1.26452","01-06-2020 12:01:02:851"
"10853","GBP/USD","1.25853","1.26453","01-06-2020 12:01:02:852"
"10854","GBP/USD","1.25854","1.26454","01-06-2020 12:01:02:853"
"10855","GBP/USD","1.25855","1.26455","01-06-2020 12:01:02:854"
"10856","GBP/USD","1.25856","1.26456","01-06-2020 12:01:02:855"
"10857","GBP/USD","1.25857","1.26457","01-06-2020 12:01:02:856"
"10858","GBP/USD","1.25858","1.26458","01-06-2020 12:01:02:857"
"10859","GBP/USD","1.25859","1.26459","01-06-2020 12:01:02:858"
"10860","GBP/USD","1.2586","1.2646","01-06-2020 12:01:02:859"
"10861","GBP/USD","1.25861","1.26461","01-06-2020 12:01:02:860"
"10862","GBP/USD","1.25862","1.26462","01-06-2020 12:01:02:861"
"10863","GBP/USD","1.25863","1.26463","01-06-2020 12:01:02:862"
"10864","GBP/USD","1.25864","1.26464","01-06-2020 12:01:02:863"
"10865","GBP/USD","1.25865","1.26465","01-06-2020 12:01:02:864"
"10866","GBP/USD","1.25866","1.26466","01-06-2020 12:01:02:865"
"10867","GBP/USD","1.25867","1.26467","01-06-2020 12:01:02:866"
"10868","GBP/USD","1.25868","1.26468","01-06-2020 12:01:02:867"
"10869","GBP/USD","1.25869","1.26469","01-06-2020 12:01:02:868"
"10870","GBP/USD","1.2587","1.2647","01-06-2020 12:01:02:869"
"10871","GBP/USD","1.25871","1.26471","01-06-2020 12:01:02:870"
"10872","GBP/USD","1.25872","1.26472","01-06-2020 12:01:02:871"
"10873","GBP/USD","1.25873","1.26473","01-06-2020 12:01:02:872"
"10874","GBP/USD","1.25874","1.26474","01-06-2020 12:01:02:873"
"10875","GBP/USD","1.25875","1.26475","01-06-2020 12:01:02:874"
"10876","GBP/USD","1.25876","1.26476","01-06-2020 12:01:02:875"
"10877","GBP/USD","1.25877","1.26477","01-06-2020 12:01:02:876"
"10878","GBP/USD","1.25878","1.26478","01-06-2020 12:01:02:877"
"10879","GBP/USD","1.25879","1.26479","01-06-2020 12:01:02:878"
"10880","GBP/USD","1.2588","1.2648","01-06-2020 12:01:02:879"
"10881","GBP/USD","1.25881","1.26481","01-06-2020 12:01:02:880"
"10882","GBP/USD","1.25882","1.26482","01-06-2020 12:01:02:881"
"10883","GBP/USD","1.25883","1.26483","01-06-2020 12:01:02:882"
"10884","GBP/USD","1.25884","1.26484","01-06-2020 12:01:02:883"
"10885","GBP/USD","1.25885","1.26485","01-06-2020 12:01:02:884"
"10886","GBP/USD","1.25886","1.26486","01-06-2020 12:01:02:885"
"10887","GBP/USD","1.25887","1.26487","01-06-2020 12:01:02:886"
"10888","GBP/USD","1.25888","1.26488","01-06-2020 12:01:02:887"
"10889","GBP/USD","1.25889","1.26489","01-06-2020 12:01:02:888"
"10890","GBP/USD","1.2589","1.2649","01-06-2020 12:01:02:889"
"10891","GBP/USD","1.25891","1.26491","01-06-2020 12:01:02:890"
"10892","GBP/USD","1.25892","1.26492","01-06-2020 12:01:02:891"
"10893","GBP/USD","1.25893","1.26493","01-06-2020 12:01:02:892"
"10894","GBP/USD","1.25894","1.26494","01-06-2020 12:01:02:893"
"10895","GBP/USD","1.25895","1.26495","01-06-2020 12:01:02:894"
"10896","GBP/USD","1.25896","1.26496","01-06-2020 12:01:02:895"
"10897","GBP/USD","1.25897","1.26497","01-06-2020 12:01:02:896"
"10898","GBP/USD","1.25898","1.26498","01-06-2020 12:01:02:897"
"10899","GBP/USD","1.25899","1.26499","01-06-2020 12:01:02:898"
"10900","GBP/USD","1.259","1.265","01-06-2020 12:01:02:899"
"10901","GBP/USD","1.25901","1.26501","01-06-2020 12:01:02:900"
"10902","GBP/USD","1.25902","1.26502","01-06-2020 12:01:02:901"
"10903","GBP/USD","1.25903","1.26503","01-06-2020 12:01:02:902"
"10904","GBP/USD","1.25904","1.26504","01-06-2020 12:01:02:903"
"10905","GBP/USD","1.25905","1.26505","01-06-2020 12:01:02:904"
"10906","GBP/USD","1.25906","1.26506","01-06-2020 12:01:02:905"
"10907","GBP/USD","1.25907","1.26507","01-06-2020 12:01:02:906"
"10908","GBP/USD","1.25908","1.26508","01-06-2020 12:01:02:907"
"10909","GBP/USD","1.25909","1.26509","01-06-2020 12:01:02:908"
"10910","GBP/USD","1.2591","1.2651","01-06-2020 12:01:02:909"
"10911","GBP/USD","1.25911","1.26511","01-06-2020 12:01:02:910"
"10912","GBP/USD","1.25912","1.26512","01-06-2020 12:01:02:911"
"10913","GBP/USD","1.25913","1.26513","01-06-2020 12:01:02:912"
"10914","GBP/USD","1.25914","1.26514","01-06-2020 12:01:02:913"
"10915","GBP/USD","1.25915","1.26515","01-06-2020 12:01:02:914"
"10916","GBP/USD","1.25916","1.26516","01-06-2020 12:01:02:915"
"10917","GBP/USD","1.25917","1.26517","01-06-2020 12:01:02:916"
"10918","GBP/USD","1.25918","1.26518","01-06-2020 12:01:02:917"
"10919","GBP/USD","1.25919","1.26519","01-06-2020 12:01:02:918"
"10920","GBP/USD","1.2592","1.2652","01-06-2020 12:01:02:919"
"10921","GBP/USD","1.25921","1.26521","01-06-2020 12:01:02:920"
"10922","GBP/USD","1.25922","1.26522","01-06-2020 12:01:02:921"
"10923","GBP/USD","1.25923","1.26523","01-06-2020 12:01:02:922"
"10924","GBP/USD","1.25924","1.26524","01-06-2020 12:01:02:923"
"10925","GBP/USD","1.25925","1.26525","01-06-2020 12:01:02:924"
"10926","GBP/USD","1.25926","1.26526","01-06-2020 12:01:02:925"
"10927","GBP/USD","1.25927","1.26527","01-06-2020 12:01:02:926"
"10928","GBP/USD","1.25928","1.26528","01-06-2020 12:01:02:927"
"10929","GBP/USD","1.25929","1.26529","01-06-2020 12:01:02:928"
"10930","GBP/USD","1.2593","1.2653","01-06-2020 12:01:02:929"
"10931","GBP/USD","1.25931","1.26531","01-06-2020 12:01:02:930"
"10932","GBP/USD","1.25932","1.26532","01-06-2020 12:01:02:931"
"10933","GBP/USD","1.25933","1.26533","01-06-2020 12:01:02:932"
"10934","GBP/USD","1.25934","1.26534","01-06-2020 12:01:02:933"
"10935","GBP/USD","1.25935","1.26535","01-06-2020 12:01:02:934"
"10936","GBP/USD","1.25936","1.26536","01-06-2020 12:01:02:935"
"10937","GBP/USD","1.25937","1.26537","01-06-2020 12:01:02:936"
"10938","GBP/USD","1.25938","1.26538","01-06-2020 12:01:02:937"
"10939","GBP/USD","1.25939","1.26539","01-06-2020 12:01:02:938"
"10940","GBP/USD","1.2594","1.2654","01-06-2020 12:01:02:939"
"10941","GBP/USD","1.25941","1.26541","01-06-2020 12:01:02:940"
"10942","GBP/USD","1.25942","1.26542","01-06-2020 12:01:02:941"
"10943","GBP/USD","1.25943","1.26543","01-06-2020 12:01:02:942"
"10944","GBP/USD","1.25944","1.26544","01-06-2020 12:01:02:943"
"10945","GBP/USD","1.25945","1.26545","01-06-2020 12:01:02:944"
"10946","GBP/USD","1.25946","1.26546","01-06-2020 12:01:02:945"
"10947","GBP/USD","1.25947","1.26547","01-06-2020 12:01:02:946"
"10948","GBP/USD","1.25948","1.26548","01-06-2020 12:01:02:947"
"10949","GBP/USD","1.25949","1.26549","01-06-2020 12:01:02:948"
"10950","GBP/USD","1.2595","1.2655","01-06-2020 12:01:02:949"
"10951","GBP/USD","1.25951","1.26551","01-06-2020 12:01:02:950"
"10952","GBP/USD","1.25952","1.26552","01-06-2020 12:01:02:951"
"10953","GBP/USD","1.25953","1.26553","01-06-2020 12:01:02:952"
"10954","GBP/USD","1.25954","1.26554","01-06-2020 12:01:02:953"
"10955","GBP/USD","1.25955","1.26555","01-06-2020 12:01:02:954"
"10956","GBP/USD","1.25956","1.26556","01-06-2020 12:01:02:955"
"10957","GBP/USD","1.25957","1.26557","01-06-2020 12:01:02:956"
"10958","GBP/USD","1.25958","1.26558","01-06-2020 12:01:02:957"
"10959","GBP/USD","1.25959","1.26559","01-06-2020 12:01:02:958"
"10960","GBP/USD","1.2596","1.2656","01-06-2020 12:01:02:959"
"10961","GBP/USD","1.25961","1.26561","01-06-2020 12:01:02:960"
"10962","GBP/USD","1.25962","1.26562","01-06-2020 12:01:02:961"
"10963","GBP/USD","1.25963","1.26563","01-06-2020 12:01:02:962"
"10964","GBP/USD","1.25964","1.26564","01-06-2020 12:01:02:963"
"10965","GBP/USD","1.25965","1.26565","01-06-2020 12:01:02:964"
"10966","GBP/USD","1.25966","1.26566","01-06-2020 12:01:02:965"
"10967","GBP/USD","1.25967","1.26567","01-06-2020 12:01:02:966"
"10968","GBP/USD","1.25968","1.26568","01-06-2020 12:01:02:967"
"10969","GBP/USD","1.25969","1.26569","01-06-2020 12:01:02:968"
"10970","GBP/USD","1.2597","1.2657","01-06-2020 12:01:02:969"
"10971","GBP/USD","1.25971","1.26571","01-06-2020 12:01:02:970"
"10972","GBP/USD","1.25972","1.26572","01-06-2020 12:01:02:971"
"10973","GBP/USD","1.25973","1.26573","01-06-2020 12:01:02:972"
"10974","GBP/USD","1.25974","1.26574","01-06-2020 12:01:02:973"
"10975","GBP/USD","1.25975","1.26575","01-06-2020 12:01:02:974"
"10976","GBP/USD","1.25976","1.26576","01-06-2020 12:01:02:975"
"10977","GBP/USD","1.25977","1.26577","01-06-2020 12:01:02:976"
"10978","GBP/USD","1.25978","1.26578","01-06-2020 12:01:02:977"
"10979","GBP/USD","1.25979","1.26579","01-06-2020 12:01:02:978"
"10980","GBP/USD","1.2598","1.2658","01-06-2020 12:01:02:979"
"10981","GBP/USD","1.25981","1.26581","01-06-2020 12:01:02:980"
"10982","GBP/USD","1.25982","1.26582","01-06-2020 12:01:02:981"
"10983","GBP/USD","1.25983","1.26583","01-06-2020 12:01:02:982"
"10984","GBP/USD","1.25984","1.26584","01-06-2020 12:01:02:983"
"10985","GBP/USD","1.25985","1.26585","01-06-2020 12:01:02:984"
"10986","GBP/USD","1.25986","1.26586","01-06-2020 12:01:02:985"
"10987","GBP/USD","1.25987","1.26587","01-06-2020 12:01:02:986"
"10988","GBP/USD","1.25988","1.26588","01-06-2020 12:01:02:987"
"10989","GBP/USD","1.25989","1.26589","01-06-2020 12:01:02:988"
"10990","GBP/USD","1.2599","1.2659","01-06-2020 12:01:02:989"
"10991","GBP/USD","1.25991","1.26591","01-06-2020 12:01:02:990"
"10992","GBP/USD","1.25992","1.26592","01-06-2020 12:01:02:991"
"10993","GBP/USD","1.25993","1.26593","01-06-2020 12:01:02:992"
"10994","GBP/USD","1.25994","1.26594","01-06-2020 12:01:02:993"
"10995","GBP/USD","1.25995","1.26595","01-06-2020 12:01:02:994"
"10996","GBP/USD","1.25996","1.26596","01-06-2020 12:01:02:995"
"10997","GBP/USD","1.25997","1.26597","01-06-2020 12:01:02:996"
"10998","GBP/USD","1.25998","1.26598","01-06-2020 12:01:02:997"
"10999","GBP/USD","1.25999","1.26599","01-06-2020 12:01:02:998"
"11000","GBP/USD","1.26","1.266","01-06-2020 12:01:02:999"
"