"100","EUR/JPY","119.6001","119.9001","01-06-2020 12:01:02:000"
"101","EUR/JPY","119.6002","119.9002","01-06-2020 12:01:02:001"
"102","EUR/JPY","119.6003","119.9003","01-06-2020 12:01:02:002"
"103","EUR/JPY","119.6004","119.9004","01-06-2020 12:01:02:003"
"104","EUR/JPY","119.6005","119.9005","01-06-2020 12:01:02:004"
"105","EUR/JPY","119.6006","119.9006","01-06-2020 12:01:02:005"
"106","EUR/JPY","119.6007","119.9007","01-06-2020 12:01:02:006"
"107","EUR/JPY","119.6008","119.9008","01-06-2020 12:01:02:007"
"108","EUR/JPY","119.6009","119.9009","01-06-2020 12:01:02:008"
"109","EUR/JPY","119.601","119.901","01-06-2020 12:01:02:009"
"110","EUR/JPY","119.6011","119.9011","01-06-2020 12:01:02:010"
"111","EUR/JPY","119.6012","119.9012","01-06-2020 12:01:02:011"
"112","EUR/JPY","119.6013","119.9013","01-06-2020 12:01:02:012"
"113","EUR/JPY","119.6014","119.9014","01-06-2020 12:01:02:013"
"114","EUR/JPY","119.6015","119.9015","01-06-2020 12:01:02:014"
"115","EUR/JPY","119.6016","119.9016","01-06-2020 12:01:02:015"
"116","EUR/JPY","119.6017","119.9017","01-06-2020 12:01:02:016"
"117","EUR/JPY","119.6018","119.9018","01-06-2020 12:01:02:017"
"118","EUR/JPY","119.6019","119.9019","01-06-2020 12:01:02:018"
"119","EUR/JPY","119.602","119.902","01-06-2020 12:01:02:019"
"120","EUR/JPY","119.6021","119.9021","01-06-2020 12:01:02:020"
"121","EUR/JPY","119.6022","119.9022","01-06-2020 12:01:02:021"
"122","EUR/JPY","119.6023","119.9023","01-06-2020 12:01:02:022"
"123","EUR/JPY","119.6024","119.9024","01-06-2020 12:01:02:023"
"124","EUR/JPY","119.6025","119.9025","01-06-2020 12:01:02:024"
"125","EUR/JPY","119.6026","119.9026","01-06-2020 12:01:02:025"
"126","EUR/JPY","119.6027","119.9027","01-06-2020 12:01:02:026"
"127","EUR/JPY","119.6028","119.9028","01-06-2020 12:01:02:027"
"128","EUR/JPY","119.6029","119.9029","01-06-2020 12:01:02:028"
"129","EUR/JPY","119.603","119.903","01-06-2020 12:01:02:029"
"130","EUR/JPY","119.6031","119.9031","01-06-2020 12:01:02:030"
"131","EUR/JPY","119.6032","119.9032","01-06-2020 12:01:02:031"
"132","EUR/JPY","119.6033","119.9033","01-06-2020 12:01:02:032"
"133","EUR/JPY","119.6034","119.9034","01-06-2020 12:01:02:033"
"134","EUR/JPY","119.6035","119.9035","01-06-2020 12:01:02:034"
"135","EUR/JPY","119.6036","119.9036","01-06-2020 12:01:02:035"
"136","EUR/JPY","119.6037","119.9037","01-06-2020 12:01:02:036"
"137","EUR/JPY","119.6038","119.9038","01-06-2020 12:01:02:037"
"138","EUR/JPY","119.6039","119.9039","01-06-2020 12:01:02:038"
"139","EUR/JPY","119.604","119.904","01-06-2020 12:01:02:039"
"140","EUR/JPY","119.6041","119.9041","01-06-2020 12:01:02:040"
"141","EUR/JPY","119.6042","119.9042","01-06-2020 12:01:02:041"
"142","EUR/JPY","119.6043","119.9043","01-06-2020 12:01:02:042"
"143","EUR/JPY","119.6044","119.9044","01-06-2020 12:01:02:043"
"144","EUR/JPY","119.6045","119.9045","01-06-2020 12:01:02:044"
"145","EUR/JPY","119.6046","119.9046","01-06-2020 12:01:02:045"
"146","EUR/JPY","119.6047","119.9047","01-06-2020 12:01:02:046"
"147","EUR/JPY","119.6048","119.9048","01-06-2020 12:01:02:047"
"148","EUR/JPY","119.6049","119.9049","01-06-2020 12:01:02:048"
"149","EUR/JPY","119.605","119.905","01-06-2020 12:01:02:049"
"150","EUR/JPY","119.6051","119.9051","01-06-2020 12:01:02:050"
"151","EUR/JPY","119.6052","119.9052","01-06-2020 12:01:02:051"
"152","EUR/JPY","119.6053","119.9053","01-06-2020 12:01:02:052"
"153","EUR/JPY","119.6054","119.9054","01-06-2020 12:01:02:053"
"154","EUR/JPY","119.6055","119.9055","01-06-2020 12:01:02:054"
"155","EUR/JPY","119.6056","119.9056","01-06-2020 12:01:02:055"
"156","EUR/JPY","119.6057","119.9057","01-06-2020 12:01:02:056"
"157","EUR/JPY","119.6058","119.9058","01-06-2020 12:01:02:057"
"158","EUR/JPY","119.6059","119.9059","01-06-2020 12:01:02:058"
"159","EUR/JPY","119.606","119.906","01-06-2020 12:01:02:059"
"160","EUR/JPY","119.6061","119.9061","01-06-2020 12:01:02:060"
"161","EUR/JPY","119.6062","119.9062","01-06-2020 12:01:02:061"
"162","EUR/JPY","119.6063","119.9063","01-06-2020 12:01:02:062"
"163","EUR/JPY","119.6064","119.9064","01-06-2020 12:01:02:063"
"164","EUR/JPY","119.6065","119.9065","01-06-2020 12:01:02:064"
"165","EUR/JPY","119.6066","119.9066","01-06-2020 12:01:02:065"
"166","EUR/JPY","119.6067","119.9067","01-06-2020 12:01:02:066"
"167","EUR/JPY","119.6068","119.9068","01-06-2020 12:01:02:067"
"168","EUR/JPY","119.6069","119.9069","01-06-2020 12:01:02:068"
"169","EUR/JPY","119.607","119.907","01-06-2020 12:01:02:069"
"170","EUR/JPY","119.6071","119.9071","01-06-2020 12:01:02:070"
"171","EUR/JPY","119.6072","119.9072","01-06-2020 12:01:02:071"
"172","EUR/JPY","119.6073","119.9073","01-06-2020 12:01:02:072"
"173","EUR/JPY","119.6074","119.9074","01-06-2020 12:01:02:073"
"174","EUR/JPY","119.6075","119.9075","01-06-2020 12:01:02:074"
"175","EUR/JPY","119.6076","119.9076","01-06-2020 12:01:02:075"
"176","EUR/JPY","119.6077","119.9077","01-06-2020 12:01:02:076"
"177","EUR/JPY","119.6078","119.9078","01-06-2020 12:01:02:077"
"178","EUR/JPY","119.6079","119.9079","01-06-2020 12:01:02:078"
"179","EUR/JPY","119.608","119.908","01-06-2020 12:01:02:079"
"180","EUR/JPY","119.6081","119.9081","01-06-2020 12:01:02:080"
"181","EUR/JPY","119.6082","119.9082","01-06-2020 12:01:02:081"
"182","EUR/JPY","119.6083","119.9083","01-06-2020 12:01:02:082"
"183","EUR/JPY","119.6084","119.9084","01-06-2020 12:01:02:083"
"184","EUR/JPY","119.6085","119.9085","01-06-2020 12:01:02:084"
"185","EUR/JPY","119.6086","119.9086","01-06-2020 12:01:02:085"
"186","EUR/JPY","119.6087","119.9087","01-06-2020 12:01:02:086"
"187","EUR/JPY","119.6088","119.9088","01-06-2020 12:01:02:087"
"188","EUR/JPY","119.6089","119.9089","01-06-2020 12:01:02:088"
"189","EUR/JPY","119.609","119.909","01-06-2020 12:01:02:089"
"190","EUR/JPY","119.6091","119.9091","01-06-2020 12:01:02:090"
"191","EUR/JPY","119.6092","119.9092","01-06-2020 12:01:02:091"
"192","EUR/JPY","119.6093","119.9093","01-06-2020 12:01:02:092"
"193","EUR/JPY","119.6094","119.9094","01-06-2020 12:01:02:093"
"194","EUR/JPY","119.6095","119.9095","01-06-2020 12:01:02:094"
"195","EUR/JPY","119.6096","119.9096","01-06-2020 12:01:02:095"
"196","EUR/JPY","119.6097","119.9097","01-06-2020 12:01:02:096"
"197","EUR/JPY","119.6098","119.9098","01-06-2020 12:01:02:097"
"198","EUR/JPY","119.6099","119.9099","01-06-2020 12:01:02:098"
"199","EUR/JPY","119.61","119.91","01-06-2020 12:01:02:099"
"200","EUR/JPY","119.6101","119.9101","01-06-2020 12:01:02:100"
"201","EUR/JPY","119.6102","119.9102","01-06-2020 12:01:02:101"
"202","EUR/JPY","119.6103","119.9103","01-06-2020 12:01:02:102"
"203","EUR/JPY","119.6104","119.9104","01-06-2020 12:01:02:103"
"204","EUR/JPY","119.6105","119.9105","01-06-2020 12:01:02:104"
"205","EUR/JPY","119.6106","119.9106","01-06-2020 12:01:02:105"
"206","EUR/JPY","119.6107","119.9107","01-06-2020 12:01:02:106"
"207","EUR/JPY","119.6108","119.9108","01-06-2020 12:01:02:107"
"208","EUR/JPY","119.6109","119.9109","01-06-2020 12:01:02:108"
"209","EUR/JPY","119.611","119.911","01-06-2020 12:01:02:109"
"210","EUR/JPY","119.6111","119.9111","01-06-2020 12:01:02:110"
"211","EUR/JPY","119.6112","119.9112","01-06-2020 12:01:02:111"
"212","EUR/JPY","119.6113","119.9113","01-06-2020 12:01:02:112"
"213","EUR/JPY","119.6114","119.9114","01-06-2020 12:01:02:113"
"214","EUR/JPY","119.6115","119.9115","01-06-2020 12:01:02:114"
"215","EUR/JPY","119.6116","119.9116","01-06-2020 12:01:02:115"
"216","EUR/JPY","119.6117","119.9117","01-06-2020 12:01:02:116"
"217","EUR/JPY","119.6118","119.9118","01-06-2020 12:01:02:117"
"218","EUR/JPY","119.6119","119.9119","01-06-2020 12:01:02:118"
"219","EUR/JPY","119.612","119.912","01-06-2020 12:01:02:119"
"220","EUR/JPY","119.6121","119.9121","01-06-2020 12:01:02:120"
"221","EUR/JPY","119.6122","119.9122","01-06-2020 12:01:02:121"
"222","EUR/JPY","119.6123","119.9123","01-06-2020 12:01:02:122"
"223","EUR/JPY","119.6124","119.9124","01-06-2020 12:01:02:123"
"224","EUR/JPY","119.6125","119.9125","01-06-2020 12:01:02:124"
"225","EUR/JPY","119.6126","119.9126","01-06-2020 12:01:02:125"
"226","EUR/JPY","119.6127","119.9127","01-06-2020 12:01:02:126"
"227","EUR/JPY","119.6128","119.9128","01-06-2020 12:01:02:127"
"228","EUR/JPY","119.6129","119.9129","01-06-2020 12:01:02:128"
"229","EUR/JPY","119.613","119.913","01-06-2020 12:01:02:129"
"230","EUR/JPY","119.6131","119.9131","01-06-2020 12:01:02:130"
"231","EUR/JPY","119.6132","119.9132","01-06-2020 12:01:02:131"
"232","EUR/JPY","119.6133","119.9133","01-06-2020 12:01:02:132"
"233","EUR/JPY","119.6134","119.9134","01-06-2020 12:01:02:133"
"234","EUR/JPY","119.6135","119.9135","01-06-2020 12:01:02:134"
"235","EUR/JPY","119.6136","119.9136","01-06-2020 12:01:02:135"
"236","EUR/JPY","119.6137","119.9137","01-06-2020 12:01:02:136"
"237","EUR/JPY","119.6138","119.9138","01-06-2020 12:01:02:137"
"238","EUR/JPY","119.6139","119.9139","01-06-2020 12:01:02:138"
"239","EUR/JPY","119.614","119.914","01-06-2020 12:01:02:139"
"240","EUR/JPY","119.6141","119.9141","01-06-2020 12:01:02:140"
"241","EUR/JPY","119.6142","119.9142","01-06-2020 12:01:02:141"
"242","EUR/JPY","119.6143","119.9143","01-06-2020 12:01:02:142"
"243","EUR/JPY","119.6144","119.9144","01-06-2020 12:01:02:143"
"244","EUR/JPY","119.6145","119.9145","01-06-2020 12:01:02:144"
"245","EUR/JPY","119.6146","119.9146","01-06-2020 12:01:02:145"
"246","EUR/JPY","119.6147","119.9147","01-06-2020 12:01:02:146"
"247","EUR/JPY","119.6148","119.9148","01-06-2020 12:01:02:147"
"248","EUR/JPY","119.6149","119.9149","01-06-2020 12:01:02:148"
"249","EUR/JPY","119.615","119.915","01-06-2020 12:01:02:149"
"250","EUR/JPY","119.6151","119.9151","01-06-2020 12:01:02:150"
"251","EUR/JPY","119.6152","119.9152","01-06-2020 12:01:02:151"
"252","EUR/JPY","119.6153","119.9153","01-06-2020 12:01:02:152"
"253","EUR/JPY","119.6154","119.9154","01-06-2020 12:01:02:153"
"254","EUR/JPY","119.6155","119.9155","01-06-2020 12:01:02:154"
"255","EUR/JPY","119.6156","119.9156","01-06-2020 12:01:02:155"
"256","EUR/JPY","119.6157","119.9157","01-06-2020 12:01:02:156"
"257","EUR/JPY","119.6158","119.9158","01-06-2020 12:01:02:157"
"258","EUR/JPY","119.6159","119.9159","01-06-2020 12:01:02:158"
"259","EUR/JPY","119.616","119.916","01-06-2020 12:01:02:159"
"260","EUR/JPY","119.6161","119.9161","01-06-2020 12:01:02:160"
"261","EUR/JPY","119.6162","119.9162","01-06-2020 12:01:02:161"
"262","EUR/JPY","119.6163","119.9163","01-06-2020 12:01:02:162"
"263","EUR/JPY","119.6164","119.9164","01-06-2020 12:01:02:163"
"264","EUR/JPY","119.6165","119.9165","01-06-2020 12:01:02:164"
"265","EUR/JPY","119.6166","119.9166","01-06-2020 12:01:02:165"
"266","EUR/JPY","119.6167","119.9167","01-06-2020 12:01:02:166"
"267","EUR/JPY","119.6168","119.9168","01-06-2020 12:01:02:167"
"268","EUR/JPY","119.6169","119.9169","01-06-2020 12:01:02:168"
"269","EUR/JPY","119.617","119.917","01-06-2020 12:01:02:169"
"270","EUR/JPY","119.6171","119.9171","01-06-2020 12:01:02:170"
"271","EUR/JPY","119.6172","119.9172","01-06-2020 12:01:02:171"
"272","EUR/JPY","119.6173","119.9173","01-06-2020 12:01:02:172"
"273","EUR/JPY","119.6174","119.9174","01-06-2020 12:01:02:173"
"274","EUR/JPY","119.6175","119.9175","01-06-2020 12:01:02:174"
"275","EUR/JPY","119.6176","119.9176","01-06-2020 12:01:02:175"
"276","EUR/JPY","119.6177","119.9177","01-06-2020 12:01:02:176"
"277","EUR/JPY","119.6178","119.9178","01-06-2020 12:01:02:177"
"278","EUR/JPY","119.6179","119.9179","01-06-2020 12:01:02:178"
"279","EUR/JPY","119.618","119.918","01-06-2020 12:01:02:179"
"280","EUR/JPY","119.6181","119.9181","01-06-2020 12:01:02:180"
"281","EUR/JPY","119.6182","119.9182","01-06-2020 12:01:02:181"
"282","EUR/JPY","119.6183","119.9183","01-06-2020 12:01:02:182"
"283","EUR/JPY","119.6184","119.9184","01-06-2020 12:01:02:183"
"284","EUR/JPY","119.6185","119.9185","01-06-2020 12:01:02:184"
"285","EUR/JPY","119.6186","119.9186","01-06-2020 12:01:02:185"
"286","EUR/JPY","119.6187","119.9187","01-06-2020 12:01:02:186"
"287","EUR/JPY","119.6188","119.9188","01-06-2020 12:01:02:187"
"288","EUR/JPY","119.6189","119.9189","01-06-2020 12:01:02:188"
"289","EUR/JPY","119.619","119.919","01-06-2020 12:01:02:189"
"290","EUR/JPY","119.6191","119.9191","01-06-2020 12:01:02:190"
"291","EUR/JPY","119.6192","119.9192","01-06-2020 12:01:02:191"
"292","EUR/JPY","119.6193","119.9193","01-06-2020 12:01:02:192"
"293","EUR/JPY","119.6194","119.9194","01-06-2020 12:01:02:193"
"294","EUR/JPY","119.6195","119.9195","01-06-2020 12:01:02:194"
"295","EUR/JPY","119.6196","119.9196","01-06-2020 12:01:02:195"
"296","EUR/JPY","119.6197","119.9197","01-06-2020 12:01:02:196"
"297","EUR/JPY","119.6198","119.9198","01-06-2020 12:01:02:197"
"298","EUR/JPY","119.6199","119.9199","01-06-2020 12:01:02:198"
"299","EUR/JPY","119.62","119.92","01-06-2020 12:01:02:199"
"300","EUR/JPY","119.6201","119.9201","01-06-2020 12:01:02:200"
"301","EUR/JPY","119.6202","119.9202","01-06-2020 12:01:02:201"
"302","EUR/JPY","119.6203","119.9203","01-06-2020 12:01:02:202"
"303","EUR/JPY","119.6204","119.9204","01-06-2020 12:01:02:203"
"304","EUR/JPY","119.6205","119.9205","01-06-2020 12:01:02:204"
"305","EUR/JPY","119.6206","119.9206","01-06-2020 12:01:02:205"
"306","EUR/JPY","119.6207","119.9207","01-06-2020 12:01:02:206"
"307","EUR/JPY","119.6208","119.9208","01-06-2020 12:01:02:207"
"308","EUR/JPY","119.6209","119.9209","01-06-2020 12:01:02:208"
"309","EUR/JPY","119.621","119.921","01-06-2020 12:01:02:209"
"310","EUR/JPY","119.6211","119.9211","01-06-2020 12:01:02:210"
"311","EUR/JPY","119.6212","119.9212","01-06-2020 12:01:02:211"
"312","EUR/JPY","119.6213","119.9213","01-06-2020 12:01:02:212"
"313","EUR/JPY","119.6214","119.9214","01-06-2020 12:01:02:213"
"314","EUR/JPY","119.6215","119.9215","01-06-2020 12:01:02:214"
"315","EUR/JPY","119.6216","119.9216","01-06-2020 12:01:02:215"
"316","EUR/JPY","119.6217","119.9217","01-06-2020 12:01:02:216"
"317","EUR/JPY","119.6218","119.9218","01-06-2020 12:01:02:217"
"318","EUR/JPY","119.6219","119.9219","01-06-2020 12:01:02:218"
"319","EUR/JPY","119.622","119.922","01-06-2020 12:01:02:219"
"320","EUR/JPY","119.6221","119.9221","01-06-2020 12:01:02:220"
"321","EUR/JPY","119.6222","119.9222","01-06-2020 12:01:02:221"
"322","EUR/JPY","119.6223","119.9223","01-06-2020 12:01:02:222"
"323","EUR/JPY","119.6224","119.9224","01-06-2020 12:01:02:223"
"324","EUR/JPY","119.6225","119.9225","01-06-2020 12:01:02:224"
"325","EUR/JPY","119.6226","119.9226","01-06-2020 12:01:02:225"
"326","EUR/JPY","119.6227","119.9227","01-06-2020 12:01:02:226"
"327","EUR/JPY","119.6228","119.9228","01-06-2020 12:01:02:227"
"328","EUR/JPY","119.6229","119.9229","01-06-2020 12:01:02:228"
"329","EUR/JPY","119.623","119.923","01-06-2020 12:01:02:229"
"330","EUR/JPY","119.6231","119.9231","01-06-2020 12:01:02:230"
"331","EUR/JPY","119.6232","119.9232","01-06-2020 12:01:02:231"
"332","EUR/JPY","119.6233","119.9233","01-06-2020 12:01:02:232"
"333","EUR/JPY","119.6234","119.9234","01-06-2020 12:01:02:233"
"334","EUR/JPY","119.6235","119.9235","01-06-2020 12:01:02:234"
"335","EUR/JPY","119.6236","119.9236","01-06-2020 12:01:02:235"
"336","EUR/JPY","119.6237","119.9237","01-06-2020 12:01:02:236"
"337","EUR/JPY","119.6238","119.9238","01-06-2020 12:01:02:237"
"338","EUR/JPY","119.6239","119.9239","01-06-2020 12:01:02:238"
"339","EUR/JPY","119.624","119.924","01-06-2020 12:01:02:239"
"340","EUR/JPY","119.6241","119.9241","01-06-2020 12:01:02:240"
"341","EUR/JPY","119.6242","119.9242","01-06-2020 12:01:02:241"
"342","EUR/JPY","119.6243","119.9243","01-06-2020 12:01:02:242"
"343","EUR/JPY","119.6244","119.9244","01-06-2020 12:01:02:243"
"344","EUR/JPY","119.6245","119.9245","01-06-2020 12:01:02:244"
"345","EUR/JPY","119.6246","119.9246","01-06-2020 12:01:02:245"
"346","EUR/JPY","119.6247","119.9247","01-06-2020 12:01:02:246"
"347","EUR/JPY","119.6248","119.9248","01-06-2020 12:01:02:247"
"348","EUR/JPY","119.6249","119.9249","01-06-2020 12:01:02:248"
"349","EUR/JPY","119.625","119.925","01-06-2020 12:01:02:249"
"350","EUR/JPY","119.6251","119.9251","01-06-2020 12:01:02:250"
"351","EUR/JPY","119.6252","119.9252","01-06-2020 12:01:02:251"
"352","EUR/JPY","119.6253","119.9253","01-06-2020 12:01:02:252"
"353","EUR/JPY","119.6254","119.9254","01-06-2020 12:01:02:253"
"354","EUR/JPY","119.6255","119.9255","01-06-2020 12:01:02:254"
"355","EUR/JPY","119.6256","119.9256","01-06-2020 12:01:02:255"
"356","EUR/JPY","119.6257","119.9257","01-06-2020 12:01:02:256"
"357","EUR/JPY","119.6258","119.9258","01-06-2020 12:01:02:257"
"358","EUR/JPY","119.6259","119.9259","01-06-2020 12:01:02:258"
"359","EUR/JPY","119.626","119.926","01-06-2020 12:01:02:259"
"360","EUR/JPY","119.6261","119.9261","01-06-2020 12:01:02:260"
"361","EUR/JPY","119.6262","119.9262","01-06-2020 12:01:02:261"
"362","EUR/JPY","119.6263","119.9263","01-06-2020 12:01:02:262"
"363","EUR/JPY","119.6264","119.9264","01-06-2020 12:01:02:263"
"364","EUR/JPY","119.6265","119.9265","01-06-2020 12:01:02:264"
"365","EUR/JPY","119.6266","119.9266","01-06-2020 12:01:02:265"
"366","EUR/JPY","119.6267","119.9267","01-06-2020 12:01:02:266"
"367","EUR/JPY","119.6268","119.9268","01-06-2020 12:01:02:267"
"368","EUR/JPY","119.6269","119.9269","01-06-2020 12:01:02:268"
"369","EUR/JPY","119.627","119.927","01-06-2020 12:01:02:269"
"370","EUR/JPY","119.6271","119.9271","01-06-2020 12:01:02:270"
"371","EUR/JPY","119.6272","119.9272","01-06-2020 12:01:02:271"
"372","EUR/JPY","119.6273","119.9273","01-06-2020 12:01:02:272"
"373","EUR/JPY","119.6274","119.9274","01-06-2020 12:01:02:273"
"374","EUR/JPY","119.6275","119.9275","01-06-2020 12:01:02:274"
"375","EUR/JPY","119.6276","119.9276","01-06-2020 12:01:02:275"
"376","EUR/JPY","119.6277","119.9277","01-06-2020 12:01:02:276"
"377","EUR/JPY","119.6278","119.9278","01-06-2020 12:01:02:277"
"378","EUR/JPY","119.6279","119.9279","01-06-2020 12:01:02:278"
"379","EUR/JPY","119.628","119.928","01-06-2020 12:01:02:279"
"380","EUR/JPY","119.6281","119.9281","01-06-2020 12:01:02:280"
"381","EUR/JPY","119.6282","119.9282","01-06-2020 12:01:02:281"
"382","EUR/JPY","119.6283","119.9283","01-06-2020 12:01:02:282"
"383","EUR/JPY","119.6284","119.9284","01-06-2020 12:01:02:283"
"384","EUR/JPY","119.6285","119.9285","01-06-2020 12:01:02:284"
"385","EUR/JPY","119.6286","119.9286","01-06-2020 12:01:02:285"
"386","EUR/JPY","119.6287","119.9287","01-06-2020 12:01:02:286"
"387","EUR/JPY","119.6288","119.9288","01-06-2020 12:01:02:287"
"388","EUR/JPY","119.6289","119.9289","01-06-2020 12:01:02:288"
"389","EUR/JPY","119.629","119.929","01-06-2020 12:01:02:289"
"390","EUR/JPY","119.6291","119.9291","01-06-2020 12:01:02:290"
"391","EUR/JPY","119.6292","119.9292","01-06-2020 12:01:02:291"
"392","EUR/JPY","119.6293","119.9293","01-06-2020 12:01:02:292"
"393","EUR/JPY","119.6294","119.9294","01-06-2020 12:01:02:293"
"394","EUR/JPY","119.6295","119.9295","01-06-2020 12:01:02:294"
"395","EUR/JPY","119.6296","119.9296","01-06-2020 12:01:02:295"
"396","EUR/JPY","119.6297","119.9297","01-06-2020 12:01:02:296"
"397","EUR/JPY","119.6298","119.9298","01-06-2020 12:01:02:297"
"398","EUR/JPY","119.6299","119.9299","01-06-2020 12:01:02:298"
"399","EUR/JPY","119.63","119.93","01-06-2020 12:01:02:299"
"400","EUR/JPY","119.6301","119.9301","01-06-2020 12:01:02:300"
"401","EUR/JPY","119.6302","119.9302","01-06-2020 12:01:02:301"
"402","EUR/JPY","119.6303","119.9303","01-06-2020 12:01:02:302"
"403","EUR/JPY","119.6304","119.9304","01-06-2020 12:01:02:303"
"404","EUR/JPY","119.6305","119.9305","01-06-2020 12:01:02:304"
"405","EUR/JPY","119.6306","119.9306","01-06-2020 12:01:02:305"
"406","EUR/JPY","119.6307","119.9307","01-06-2020 12:01:02:306"
"407","EUR/JPY","119.6308","119.9308","01-06-2020 12:01:02:307"
"408","EUR/JPY","119.6309","119.9309","01-06-2020 12:01:02:308"
"409","EUR/JPY","119.631","119.931","01-06-2020 12:01:02:309"
"410","EUR/JPY","119.6311","119.9311","01-06-2020 12:01:02:310"
"411","EUR/JPY","119.6312","119.9312","01-06-2020 12:01:02:311"
"412","EUR/JPY","119.6313","119.9313","01-06-2020 12:01:02:312"
"413","EUR/JPY","119.6314","119.9314","01-06-2020 12:01:02:313"
"414","EUR/JPY","119.6315","119.9315","01-06-2020 12:01:02:314"
"415","EUR/JPY","119.6316","119.9316","01-06-2020 12:01:02:315"
"416","EUR/JPY","119.6317","119.9317","01-06-2020 12:01:02:316"
"417","EUR/JPY","119.6318","119.9318","01-06-2020 12:01:02:317"
"418","EUR/JPY","119.6319","119.9319","01-06-2020 12:01:02:318"
"419","EUR/JPY","119.632","119.932","01-06-2020 12:01:02:319"
"420","EUR/JPY","119.6321","119.9321","01-06-2020 12:01:02:320"
"421","EUR/JPY","119.6322","119.9322","01-06-2020 12:01:02:321"
"422","EUR/JPY","119.6323","119.9323","01-06-2020 12:01:02:322"
"423","EUR/JPY","119.6324","119.9324","01-06-2020 12:01:02:323"
"424","EUR/JPY","119.6325","119.9325","01-06-2020 12:01:02:324"
"425","EUR/JPY","119.6326","119.9326","01-06-2020 12:01:02:325"
"426","EUR/JPY","119.6327","119.9327","01-06-2020 12:01:02:326"
"427","EUR/JPY","119.6328","119.9328","01-06-2020 12:01:02:327"
"428","EUR/JPY","119.6329","119.9329","01-06-2020 12:01:02:328"
"429","EUR/JPY","119.633","119.933","01-06-2020 12:01:02:329"
"430","EUR/JPY","119.6331","119.9331","01-06-2020 12:01:02:330"
"431","EUR/JPY","119.6332","119.9332","01-06-2020 12:01:02:331"
"432","EUR/JPY","119.6333","119.9333","01-06-2020 12:01:02:332"
"433","EUR/JPY","119.6334","119.9334","01-06-2020 12:01:02:333"
"434","EUR/JPY","119.6335","119.9335","01-06-2020 12:01:02:334"
"435","EUR/JPY","119.6336","119.9336","01-06-2020 12:01:02:335"
"436","EUR/JPY","119.6337","119.9337","01-06-2020 12:01:02:336"
"437","EUR/JPY","119.6338","119.9338","01-06-2020 12:01:02:337"
"438","EUR/JPY","119.6339","119.9339","01-06-2020 12:01:02:338"
"439","EUR/JPY","119.634","119.934","01-06-2020 12:01:02:339"
"440","EUR/JPY","119.6341","119.9341","01-06-2020 12:01:02:340"
"441","EUR/JPY","119.6342","119.9342","01-06-2020 12:01:02:341"
"442","EUR/JPY","119.6343","119.9343","01-06-2020 12:01:02:342"
"443","EUR/JPY","119.6344","119.9344","01-06-2020 12:01:02:343"
"444","EUR/JPY","119.6345","119.9345","01-06-2020 12:01:02:344"
"445","EUR/JPY","119.6346","119.9346","01-06-2020 12:01:02:345"
"446","EUR/JPY","119.6347","119.9347","01-06-2020 12:01:02:346"
"447","EUR/JPY","119.6348","119.9348","01-06-2020 12:01:02:347"
"448","EUR/JPY","119.6349","119.9349","01-06-2020 12:01:02:348"
"449","EUR/JPY","119.635","119.935","01-06-2020 12:01:02:349"
"450","EUR/JPY","119.6351","119.9351","01-06-2020 12:01:02:350"
"451","EUR/JPY","119.6352","119.9352","01-06-2020 12:01:02:351"
"452","EUR/JPY","119.6353","119.9353","01-06-2020 12:01:02:352"
"453","EUR/JPY","119.6354","119.9354","01-06-2020 12:01:02:353"
"454","EUR/JPY","119.6355","119.9355","01-06-2020 12:01:02:354"
"455","EUR/JPY","119.6356","119.9356","01-06-2020 12:01:02:355"
"456","EUR/JPY","119.6357","119.9357","01-06-2020 12:01:02:356"
"457","EUR/JPY","119.6358","119.9358","01-06-2020 12:01:02:357"
"458","EUR/JPY","119.6359","119.9359","01-06-2020 12:01:02:358"
"459","EUR/JPY","119.636","119.936","01-06-2020 12:01:02:359"
"460","EUR/JPY","119.6361","119.9361","01-06-2020 12:01:02:360"
"461","EUR/JPY","119.6362","119.9362","01-06-2020 12:01:02:361"
"462","EUR/JPY","119.6363","119.9363","01-06-2020 12:01:02:362"
"463","EUR/JPY","119.6364","119.9364","01-06-2020 12:01:02:363"
"464","EUR/JPY","119.6365","119.9365","01-06-2020 12:01:02:364"
"465","EUR/JPY","119.6366","119.9366","01-06-2020 12:01:02:365"
"466","EUR/JPY","119.6367","119.9367","01-06-2020 12:01:02:366"
"467","EUR/JPY","119.6368","119.9368","01-06-2020 12:01:02:367"
"468","EUR/JPY","119.6369","119.9369","01-06-2020 12:01:02:368"
"469","EUR/JPY","119.637","119.937","01-06-2020 12:01:02:369"
"470","EUR/JPY","119.6371","119.9371","01-06-2020 12:01:02:370"
"471","EUR/JPY","119.6372","119.9372","01-06-2020 12:01:02:371"
"472","EUR/JPY","119.6373","119.9373","01-06-2020 12:01:02:372"
"473","EUR/JPY","119.6374","119.9374","01-06-2020 12:01:02:373"
"474","EUR/JPY","119.6375","119.9375","01-06-2020 12:01:02:374"
"475","EUR/JPY","119.6376","119.9376","01-06-2020 12:01:02:375"
"476","EUR/JPY","119.6377","119.9377","01-06-2020 12:01:02:376"
"477","EUR/JPY","119.6378","119.9378","01-06-2020 12:01:02:377"
"478","EUR/JPY","119.6379","119.9379","01-06-2020 12:01:02:378"
"479","EUR/JPY","119.638","119.938","01-06-2020 12:01:02:379"
"480","EUR/JPY","119.6381","119.9381","01-06-2020 12:01:02:380"
"481","EUR/JPY","119.6382","119.9382","01-06-2020 12:01:02:381"
"482","EUR/JPY","119.6383","119.9383","01-06-2020 12:01:02:382"
"483","EUR/JPY","119.6384","119.9384","01-06-2020 12:01:02:383"
"484","EUR/JPY","119.6385","119.9385","01-06-2020 12:01:02:384"
"485","EUR/JPY","119.6386","119.9386","01-06-2020 12:01:02:385"
"486","EUR/JPY","119.6387","119.9387","01-06-2020 12:01:02:386"
"487","EUR/JPY","119.6388","119.9388","01-06-2020 12:01:02:387"
"488","EUR/JPY","119.6389","119.9389","01-06-2020 12:01:02:388"
"489","EUR/JPY","119.639","119.939","01-06-2020 12:01:02:389"
"490","EUR/JPY","119.6391","119.9391","01-06-2020 12:01:02:390"
"491","EUR/JPY","119.6392","119.9392","01-06-2020 12:01:02:391"
"492","EUR/JPY","119.6393","119.9393","01-06-2020 12:01:02:392"
"493","EUR/JPY","119.6394","119.9394","01-06-2020 12:01:02:393"
"494","EUR/JPY","119.6395","119.9395","01-06-2020 12:01:02:394"
"495","EUR/JPY","119.6396","119.9396","01-06-2020 12:01:02:395"
"496","EUR/JPY","119.6397","119.9397","01-06-2020 12:01:02:396"
"497","EUR/JPY","119.6398","119.9398","01-06-2020 12:01:02:397"
"498","EUR/JPY","119.6399","119.9399","01-06-2020 12:01:02:398"
"499","EUR/JPY","119.64","119.94","01-06-2020 12:01:02:399"
"500","EUR/JPY","119.6401","119.9401","01-06-2020 12:01:02:400"
"501","EUR/JPY","119.6402","119.9402","01-06-2020 12:01:02:401"
"502","EUR/JPY","119.6403","119.9403","01-06-2020 12:01:02:402"
"503","EUR/JPY","119.6404","119.9404","01-06-2020 12:01:02:403"
"504","EUR/JPY","119.6405","119.9405","01-06-2020 12:01:02:404"
"505","EUR/JPY","119.6406","119.9406","01-06-2020 12:01:02:405"
"506","EUR/JPY","119.6407","119.9407","01-06-2020 12:01:02:406"
"507","EUR/JPY","119.6408","119.9408","01-06-2020 12:01:02:407"
"508","EUR/JPY","119.6409","119.9409","01-06-2020 12:01:02:408"
"509","EUR/JPY","119.641","119.941","01-06-2020 12:01:02:409"
"510","EUR/JPY","119.6411","119.9411","01-06-2020 12:01:02:410"
"511","EUR/JPY","119.6412","119.9412","01-06-2020 12:01:02:411"
"512","EUR/JPY","119.6413","119.9413","01-06-2020 12:01:02:412"
"513","EUR/JPY","119.6414","119.9414","01-06-2020 12:01:02:413"
"514","EUR/JPY","119.6415","119.9415","01-06-2020 12:01:02:414"
"515","EUR/JPY","119.6416","119.9416","01-06-2020 12:01:02:415"
"516","EUR/JPY","119.6417","119.9417","01-06-2020 12:01:02:416"
"517","EUR/JPY","119.6418","119.9418","01-06-2020 12:01:02:417"
"518","EUR/JPY","119.6419","119.9419","01-06-2020 12:01:02:418"
"519","EUR/JPY","119.642","119.942","01-06-2020 12:01:02:419"
"520","EUR/JPY","119.6421","119.9421","01-06-2020 12:01:02:420"
"521","EUR/JPY","119.6422","119.9422","01-06-2020 12:01:02:421"
"522","EUR/JPY","119.6423","119.9423","01-06-2020 12:01:02:422"
"523","EUR/JPY","119.6424","119.9424","01-06-2020 12:01:02:423"
"524","EUR/JPY","119.6425","119.9425","01-06-2020 12:01:02:424"
"525","EUR/JPY","119.6426","119.9426","01-06-2020 12:01:02:425"
"526","EUR/JPY","119.6427","119.9427","01-06-2020 12:01:02:426"
"527","EUR/JPY","119.6428","119.9428","01-06-2020 12:01:02:427"
"528","EUR/JPY","119.6429","119.9429","01-06-2020 12:01:02:428"
"529","EUR/JPY","119.643","119.943","01-06-2020 12:01:02:429"
"530","EUR/JPY","119.6431","119.9431","01-06-2020 12:01:02:430"
"531","EUR/JPY","119.6432","119.9432","01-06-2020 12:01:02:431"
"532","EUR/JPY","119.6433","119.9433","01-06-2020 12:01:02:432"
"533","EUR/JPY","119.6434","119.9434","01-06-2020 12:01:02:433"
"534","EUR/JPY","119.6435","119.9435","01-06-2020 12:01:02:434"
"535","EUR/JPY","119.6436","119.9436","01-06-2020 12:01:02:435"
"536","EUR/JPY","119.6437","119.9437","01-06-2020 12:01:02:436"
"537","EUR/JPY","119.6438","119.9438","01-06-2020 12:01:02:437"
"538","EUR/JPY","119.6439","119.9439","01-06-2020 12:01:02:438"
"539","EUR/JPY","119.644","119.944","01-06-2020 12:01:02:439"
"540","EUR/JPY","119.6441","119.9441","01-06-2020 12:01:02:440"
"541","EUR/JPY","119.6442","119.9442","01-06-2020 12:01:02:441"
"542","EUR/JPY","119.6443","119.9443","01-06-2020 12:01:02:442"
"543","EUR/JPY","119.6444","119.9444","01-06-2020 12:01:02:443"
"544","EUR/JPY","119.6445","119.9445","01-06-2020 12:01:02:444"
"545","EUR/JPY","119.6446","119.9446","01-06-2020 12:01:02:445"
"546","EUR/JPY","119.6447","119.9447","01-06-2020 12:01:02:446"
"547","EUR/JPY","119.6448","119.9448","01-06-2020 12:01:02:447"
"548","EUR/JPY","119.6449","119.9449","01-06-2020 12:01:02:448"
"549","EUR/JPY","119.645","119.945","01-06-2020 12:01:02:449"
"550","EUR/JPY","119.6451","119.9451","01-06-2020 12:01:02:450"
"551","EUR/JPY","119.6452","119.9452","01-06-2020 12:01:02:451"
"552","EUR/JPY","119.6453","119.9453","01-06-2020 12:01:02:452"
"553","EUR/JPY","119.6454","119.9454","01-06-2020 12:01:02:453"
"554","EUR/JPY","119.6455","119.9455","01-06-2020 12:01:02:454"
"555","EUR/JPY","119.6456","119.9456","01-06-2020 12:01:02:455"
"556","EUR/JPY","119.6457","119.9457","01-06-2020 12:01:02:456"
"557","EUR/JPY","119.6458","119.9458","01-06-2020 12:01:02:457"
"558","EUR/JPY","119.6459","119.9459","01-06-2020 12:01:02:458"
"559","EUR/JPY","119.646","119.946","01-06-2020 12:01:02:459"
"560","EUR/JPY","119.6461","119.9461","01-06-2020 12:01:02:460"
"561","EUR/JPY","119.6462","119.9462","01-06-2020 12:01:02:461"
"562","EUR/JPY","119.6463","119.9463","01-06-2020 12:01:02:462"
"563","EUR/JPY","119.6464","119.9464","01-06-2020 12:01:02:463"
"564","EUR/JPY","119.6465","119.9465","01-06-2020 12:01:02:464"
"565","EUR/JPY","119.6466","119.9466","01-06-2020 12:01:02:465"
"566","EUR/JPY","119.6467","119.9467","01-06-2020 12:01:02:466"
"567","EUR/JPY","119.6468","119.9468","01-06-2020 12:01:02:467"
"568","EUR/JPY","119.6469","119.9469","01-06-2020 12:01:02:468"
"569","EUR/JPY","119.647","119.947","01-06-2020 12:01:02:469"
"570","EUR/JPY","119.6471","119.9471","01-06-2020 12:01:02:470"
"571","EUR/JPY","119.6472","119.9472","01-06-2020 12:01:02:471"
"572","EUR/JPY","119.6473","119.9473","01-06-2020 12:01:02:472"
"573","EUR/JPY","119.6474","119.9474","01-06-2020 12:01:02:473"
"574","EUR/JPY","119.6475","119.9475","01-06-2020 12:01:02:474"
"575","EUR/JPY","119.6476","119.9476","01-06-2020 12:01:02:475"
"576","EUR/JPY","119.6477","119.9477","01-06-2020 12:01:02:476"
"577","EUR/JPY","119.6478","119.9478","01-06-2020 12:01:02:477"
"578","EUR/JPY","119.6479","119.9479","01-06-2020 12:01:02:478"
"579","EUR/JPY","119.648","119.948","01-06-2020 12:01:02:479"
"580","EUR/JPY","119.6481","119.9481","01-06-2020 12:01:02:480"
"581","EUR/JPY","119.6482","119.9482","01-06-2020 12:01:02:481"
"582","EUR/JPY","119.6483","119.9483","01-06-2020 12:01:02:482"
"583","EUR/JPY","119.6484","119.9484","01-06-2020 12:01:02:483"
"584","EUR/JPY","119.6485","119.9485","01-06-2020 12:01:02:484"
"585","EUR/JPY","119.6486","119.9486","01-06-2020 12:01:02:485"
"586","EUR/JPY","119.6487","119.9487","01-06-2020 12:01:02:486"
"587","EUR/JPY","119.6488","119.9488","01-06-2020 12:01:02:487"
"588","EUR/JPY","119.6489","119.9489","01-06-2020 12:01:02:488"
"589","EUR/JPY","119.649","119.949","01-06-2020 12:01:02:489"
"590","EUR/JPY","119.6491","119.9491","01-06-2020 12:01:02:490"
"591","EUR/JPY","119.6492","119.9492","01-06-2020 12:01:02:491"
"592","EUR/JPY","119.6493","119.9493","01-06-2020 12:01:02:492"
"593","EUR/JPY","119.6494","119.9494","01-06-2020 12:01:02:493"
"594","EUR/JPY","119.6495","119.9495","01-06-2020 12:01:02:494"
"595","EUR/JPY","119.6496","119.9496","01-06-2020 12:01:02:495"
"596","EUR/JPY","119.6497","119.9497","01-06-2020 12:01:02:496"
"597","EUR/JPY","119.6498","119.9498","01-06-2020 12:01:02:497"
"598","EUR/JPY","119.6499","119.9499","01-06-2020 12:01:02:498"
"599","EUR/JPY","119.65","119.95","01-06-2020 12:01:02:499"
"600","EUR/JPY","119.6501","119.9501","01-06-2020 12:01:02:500"
"601","EUR/JPY","119.6502","119.9502","01-06-2020 12:01:02:501"
"602","EUR/JPY","119.6503","119.9503","01-06-2020 12:01:02:502"
"603","EUR/JPY","119.6504","119.9504","01-06-2020 12:01:02:503"
"604","EUR/JPY","119.6505","119.9505","01-06-2020 12:01:02:504"
"605","EUR/JPY","119.6506","119.9506","01-06-2020 12:01:02:505"
"606","EUR/JPY","119.6507","119.9507","01-06-2020 12:01:02:506"
"607","EUR/JPY","119.6508","119.9508","01-06-2020 12:01:02:507"
"608","EUR/JPY","119.6509","119.9509","01-06-2020 12:01:02:508"
"609","EUR/JPY","119.651","119.951","01-06-2020 12:01:02:509"
"610","EUR/JPY","119.6511","119.9511","01-06-2020 12:01:02:510"
"611","EUR/JPY","119.6512","119.9512","01-06-2020 12:01:02:511"
"612","EUR/JPY","119.6513","119.9513","01-06-2020 12:01:02:512"
"613","EUR/JPY","119.6514","119.9514","01-06-2020 12:01:02:513"
"614","EUR/JPY","119.6515","119.9515","01-06-2020 12:01:02:514"
"615","EUR/JPY","119.6516","119.9516","01-06-2020 12:01:02:515"
"616","EUR/JPY","119.6517","119.9517","01-06-2020 12:01:02:516"
"617","EUR/JPY","119.6518","119.9518","01-06-2020 12:01:02:517"
"618","EUR/JPY","119.6519","119.9519","01-06-2020 12:01:02:518"
"619","EUR/JPY","119.652","119.952","01-06-2020 12:01:02:519"
"620","EUR/JPY","119.6521","119.9521","01-06-2020 12:01:02:520"
"621","EUR/JPY","119.6522","119.9522","01-06-2020 12:01:02:521"
"622","EUR/JPY","119.6523","119.9523","01-06-2020 12:01:02:522"
"623","EUR/JPY","119.6524","119.9524","01-06-2020 12:01:02:523"
"624","EUR/JPY","119.6525","119.9525","01-06-2020 12:01:02:524"
"625","EUR/JPY","119.6526","119.9526","01-06-2020 12:01:02:525"
"626","EUR/JPY","119.6527","119.9527","01-06-2020 12:01:02:526"
"627","EUR/JPY","119.6528","119.9528","01-06-2020 12:01:02:527"
"628","EUR/JPY","119.6529","119.9529","01-06-2020 12:01:02:528"
"629","EUR/JPY","119.653","119.953","01-06-2020 12:01:02:529"
"630","EUR/JPY","119.6531","119.9531","01-06-2020 12:01:02:530"
"631","EUR/JPY","119.6532","119.9532","01-06-2020 12:01:02:531"
"632","EUR/JPY","119.6533","119.9533","01-06-2020 12:01:02:532"
"633","EUR/JPY","119.6534","119.9534","01-06-2020 12:01:02:533"
"634","EUR/JPY","119.6535","119.9535","01-06-2020 12:01:02:534"
"635","EUR/JPY","119.6536","119.9536","01-06-2020 12:01:02:535"
"636","EUR/JPY","119.6537","119.9537","01-06-2020 12:01:02:536"
"637","EUR/JPY","119.6538","119.9538","01-06-2020 12:01:02:537"
"638","EUR/JPY","119.6539","119.9539","01-06-2020 12:01:02:538"
"639","EUR/JPY","119.654","119.954","01-06-2020 12:01:02:539"
"640","EUR/JPY","119.6541","119.9541","01-06-2020 12:01:02:540"
"641","EUR/JPY","119.6542","119.9542","01-06-2020 12:01:02:541"
"642","EUR/JPY","119.6543","119.9543","01-06-2020 12:01:02:542"
"643","EUR/JPY","119.6544","119.9544","01-06-2020 12:01:02:543"
"644","EUR/JPY","119.6545","119.9545","01-06-2020 12:01:02:544"
"645","EUR/JPY","119.6546","119.9546","01-06-2020 12:01:02:545"
"646","EUR/JPY","119.6547","119.9547","01-06-2020 12:01:02:546"
"647","EUR/JPY","119.6548","119.9548","01-06-2020 12:01:02:547"
"648","EUR/JPY","119.6549","119.9549","01-06-2020 12:01:02:548"
"649","EUR/JPY","119.655","119.955","01-06-2020 12:01:02:549"
"650","EUR/JPY","119.6551","119.9551","01-06-2020 12:01:02:550"
"651","EUR/JPY","119.6552","119.9552","01-06-2020 12:01:02:551"
"652","EUR/JPY","119.6553","119.9553","01-06-2020 12:01:02:552"
"653","EUR/JPY","119.6554","119.9554","01-06-2020 12:01:02:553"
"654","EUR/JPY","119.6555","119.9555","01-06-2020 12:01:02:554"
"655","EUR/JPY","119.6556","119.9556","01-06-2020 12:01:02:555"
"656","EUR/JPY","119.6557","119.9557","01-06-2020 12:01:02:556"
"657","EUR/JPY","119.6558","119.9558","01-06-2020 12:01:02:557"
"658","EUR/JPY","119.6559","119.9559","01-06-2020 12:01:02:558"
"659","EUR/JPY","119.656","119.956","01-06-2020 12:01:02:559"
"660","EUR/JPY","119.6561","119.9561","01-06-2020 12:01:02:560"
"661","EUR/JPY","119.6562","119.9562","01-06-2020 12:01:02:561"
"662","EUR/JPY","119.6563","119.9563","01-06-2020 12:01:02:562"
"663","EUR/JPY","119.6564","119.9564","01-06-2020 12:01:02:563"
"664","EUR/JPY","119.6565","119.9565","01-06-2020 12:01:02:564"
"665","EUR/JPY","119.6566","119.9566","01-06-2020 12:01:02:565"
"666","EUR/JPY","119.6567","119.9567","01-06-2020 12:01:02:566"
"667","EUR/JPY","119.6568","119.9568","01-06-2020 12:01:02:567"
"668","EUR/JPY","119.6569","119.9569","01-06-2020 12:01:02:568"
"669","EUR/JPY","119.657","119.957","01-06-2020 12:01:02:569"
"670","EUR/JPY","119.6571","119.9571","01-06-2020 12:01:02:570"
"671","EUR/JPY","119.6572","119.9572","01-06-2020 12:01:02:571"
"672","EUR/JPY","119.6573","119.9573","01-06-2020 12:01:02:572"
"673","EUR/JPY","119.6574","119.9574","01-06-2020 12:01:02:573"
"674","EUR/JPY","119.6575","119.9575","01-06-2020 12:01:02:574"
"675","EUR/JPY","119.6576","119.9576","01-06-2020 12:01:02:575"
"676","EUR/JPY","119.6577","119.9577","01-06-2020 12:01:02:576"
"677","EUR/JPY","119.6578","119.9578","01-06-2020 12:01:02:577"
"678","EUR/JPY","119.6579","119.9579","01-06-2020 12:01:02:578"
"679","EUR/JPY","119.658","119.958","01-06-2020 12:01:02:579"
"680","EUR/JPY","119.6581","119.9581","01-06-2020 12:01:02:580"
"681","EUR/JPY","119.6582","119.9582","01-06-2020 12:01:02:581"
"682","EUR/JPY","119.6583","119.9583","01-06-2020 12:01:02:582"
"683","EUR/JPY","119.6584","119.9584","01-06-2020 12:01:02:583"
"684","EUR/JPY","119.6585","119.9585","01-06-2020 12:01:02:584"
"685","EUR/JPY","119.6586","119.9586","01-06-2020 12:01:02:585"
"686","EUR/JPY","119.6587","119.9587","01-06-2020 12:01:02:586"
"687","EUR/JPY","119.6588","119.9588","01-06-2020 12:01:02:587"
"688","EUR/JPY","119.6589","119.9589","01-06-2020 12:01:02:588"
"689","EUR/JPY","119.659","119.959","01-06-2020 12:01:02:589"
"690","EUR/JPY","119.6591","119.9591","01-06-2020 12:01:02:590"
"691","EUR/JPY","119.6592","119.9592","01-06-2020 12:01:02:591"
"692","EUR/JPY","119.6593","119.9593","01-06-2020 12:01:02:592"
"693","EUR/JPY","119.6594","119.9594","01-06-2020 12:01:02:593"
"694","EUR/JPY","119.6595","119.9595","01-06-2020 12:01:02:594"
"695","EUR/JPY","119.6596","119.9596","01-06-2020 12:01:02:595"
"696","EUR/JPY","119.6597","119.9597","01-06-2020 12:01:02:596"
"697","EUR/JPY","119.6598","119.9598","01-06-2020 12:01:02:597"
"698","EUR/JPY","119.6599","119.9599","01-06-2020 12:01:02:598"
"699","EUR/JPY","119.66","119.96","01-06-2020 12:01:02:599"
"700","EUR/JPY","119.6601","119.9601","01-06-2020 12:01:02:600"
"701","EUR/JPY","119.6602","119.9602","01-06-2020 12:01:02:601"
"702","EUR/JPY","119.6603","119.9603","01-06-2020 12:01:02:602"
"703","EUR/JPY","119.6604","119.9604","01-06-2020 12:01:02:603"
"704","EUR/JPY","119.6605","119.9605","01-06-2020 12:01:02:604"
"705","EUR/JPY","119.6606","119.9606","01-06-2020 12:01:02:605"
"706","EUR/JPY","119.6607","119.9607","01-06-2020 12:01:02:606"
"707","EUR/JPY","119.6608","119.9608","01-06-2020 12:01:02:607"
"708","EUR/JPY","119.6609","119.9609","01-06-2020 12:01:02:608"
"709","EUR/JPY","119.661","119.961","01-06-2020 12:01:02:609"
"710","EUR/JPY","119.6611","119.9611","01-06-2020 12:01:02:610"
"711","EUR/JPY","119.6612","119.9612","01-06-2020 12:01:02:611"
"712","EUR/JPY","119.6613","119.9613","01-06-2020 12:01:02:612"
"713","EUR/JPY","119.6614","119.9614","01-06-2020 12:01:02:613"
"714","EUR/JPY","119.6615","119.9615","01-06-2020 12:01:02:614"
"715","EUR/JPY","119.6616","119.9616","01-06-2020 12:01:02:615"
"716","EUR/JPY","119.6617","119.9617","01-06-2020 12:01:02:616"
"717","EUR/JPY","119.6618","119.9618","01-06-2020 12:01:02:617"
"718","EUR/JPY","119.6619","119.9619","01-06-2020 12:01:02:618"
"719","EUR/JPY","119.662","119.962","01-06-2020 12:01:02:619"
"720","EUR/JPY","119.6621","119.9621","01-06-2020 12:01:02:620"
"721","EUR/JPY","119.6622","119.9622","01-06-2020 12:01:02:621"
"722","EUR/JPY","119.6623","119.9623","01-06-2020 12:01:02:622"
"723","EUR/JPY","119.6624","119.9624","01-06-2020 12:01:02:623"
"724","EUR/JPY","119.6625","119.9625","01-06-2020 12:01:02:624"
"725","EUR/JPY","119.6626","119.9626","01-06-2020 12:01:02:625"
"726","EUR/JPY","119.6627","119.9627","01-06-2020 12:01:02:626"
"727","EUR/JPY","119.6628","119.9628","01-06-2020 12:01:02:627"
"728","EUR/JPY","119.6629","119.9629","01-06-2020 12:01:02:628"
"729","EUR/JPY","119.663","119.963","01-06-2020 12:01:02:629"
"730","EUR/JPY","119.6631","119.9631","01-06-2020 12:01:02:630"
"731","EUR/JPY","119.6632","119.9632","01-06-2020 12:01:02:631"
"732","EUR/JPY","119.6633","119.9633","01-06-2020 12:01:02:632"
"733","EUR/JPY","119.6634","119.9634","01-06-2020 12:01:02:633"
"734","EUR/JPY","119.6635","119.9635","01-06-2020 12:01:02:634"
"735","EUR/JPY","119.6636","119.9636","01-06-2020 12:01:02:635"
"736","EUR/JPY","119.6637","119.9637","01-06-2020 12:01:02:636"
"737","EUR/JPY","119.6638","119.9638","01-06-2020 12:01:02:637"
"738","EUR/JPY","119.6639","119.9639","01-06-2020 12:01:02:638"
"739","EUR/JPY","119.664","119.964","01-06-2020 12:01:02:639"
"740","EUR/JPY","119.6641","119.9641","01-06-2020 12:01:02:640"
"741","EUR/JPY","119.6642","119.9642","01-06-2020 12:01:02:641"
"742","EUR/JPY","119.6643","119.9643","01-06-2020 12:01:02:642"
"743","EUR/JPY","119.6644","119.9644","01-06-2020 12:01:02:643"
"744","EUR/JPY","119.6645","119.9645","01-06-2020 12:01:02:644"
"745","EUR/JPY","119.6646","119.9646","01-06-2020 12:01:02:645"
"746","EUR/JPY","119.6647","119.9647","01-06-2020 12:01:02:646"
"747","EUR/JPY","119.6648","119.9648","01-06-2020 12:01:02:647"
"748","EUR/JPY","119.6649","119.9649","01-06-2020 12:01:02:648"
"749","EUR/JPY","119.665","119.965","01-06-2020 12:01:02:649"
"750","EUR/JPY","119.6651","119.9651","01-06-2020 12:01:02:650"
"751","EUR/JPY","119.6652","119.9652","01-06-2020 12:01:02:651"
"752","EUR/JPY","119.6653","119.9653","01-06-2020 12:01:02:652"
"753","EUR/JPY","119.6654","119.9654","01-06-2020 12:01:02:653"
"754","EUR/JPY","119.6655","119.9655","01-06-2020 12:01:02:654"
"755","EUR/JPY","119.6656","119.9656","01-06-2020 12:01:02:655"
"756","EUR/JPY","119.6657","119.9657","01-06-2020 12:01:02:656"
"757","EUR/JPY","119.6658","119.9658","01-06-2020 12:01:02:657"
"758","EUR/JPY","119.6659","119.9659","01-06-2020 12:01:02:658"
"759","EUR/JPY","119.666","119.966","01-06-2020 12:01:02:659"
"760","EUR/JPY","119.6661","119.9661","01-06-2020 12:01:02:660"
"761","EUR/JPY","119.6662","119.9662","01-06-2020 12:01:02:661"
"762","EUR/JPY","119.6663","119.9663","01-06-2020 12:01:02:662"
"763","EUR/JPY","119.6664","119.9664","01-06-2020 12:01:02:663"
"764","EUR/JPY","119.6665","119.9665","01-06-2020 12:01:02:664"
"765","EUR/JPY","119.6666","119.9666","01-06-2020 12:01:02:665"
"766","EUR/JPY","119.6667","119.9667","01-06-2020 12:01:02:666"
"767","EUR/JPY","119.6668","119.9668","01-06-2020 12:01:02:667"
"768","EUR/JPY","119.6669","119.9669","01-06-2020 12:01:02:668"
"769","EUR/JPY","119.667","119.967","01-06-2020 12:01:02:669"
"770","EUR/JPY","119.6671","119.9671","01-06-2020 12:01:02:670"
"771","EUR/JPY","119.6672","119.9672","01-06-2020 12:01:02:671"
"772","EUR/JPY","119.6673","119.9673","01-06-2020 12:01:02:672"
"773","EUR/JPY","119.6674","119.9674","01-06-2020 12:01:02:673"
"774","EUR/JPY","119.6675","119.9675","01-06-2020 12:01:02:674"
"775","EUR/JPY","119.6676","119.9676","01-06-2020 12:01:02:675"
"776","EUR/JPY","119.6677","119.9677","01-06-2020 12:01:02:676"
"777","EUR/JPY","119.6678","119.9678","01-06-2020 12:01:02:677"
"778","EUR/JPY","119.6679","119.9679","01-06-2020 12:01:02:678"
"779","EUR/JPY","119.668","119.968","01-06-2020 12:01:02:679"
"780","EUR/JPY","119.6681","119.9681","01-06-2020 12:01:02:680"
"781","EUR/JPY","119.6682","119.9682","01-06-2020 12:01:02:681"
"782","EUR/JPY","119.6683","119.9683","01-06-2020 12:01:02:682"
"783","EUR/JPY","119.6684","119.9684","01-06-2020 12:01:02:683"
"784","EUR/JPY","119.6685","119.9685","01-06-2020 12:01:02:684"
"785","EUR/JPY","119.6686","119.9686","01-06-2020 12:01:02:685"
"786","EUR/JPY","119.6687","119.9687","01-06-2020 12:01:02:686"
"787","EUR/JPY","119.6688","119.9688","01-06-2020 12:01:02:687"
"788","EUR/JPY","119.6689","119.9689","01-06-2020 12:01:02:688"
"789","EUR/JPY","119.669","119.969","01-06-2020 12:01:02:689"
"790","EUR/JPY","119.6691","119.9691","01-06-2020 12:01:02:690"
"791","EUR/JPY","119.6692","119.9692","01-06-2020 12:01:02:691"
"792","EUR/JPY","119.6693","119.9693","01-06-2020 12:01:02:692"
"793","EUR/JPY","119.6694","119.9694","01-06-2020 12:01:02:693"
"794","EUR/JPY","119.6695","119.9695","01-06-2020 12:01:02:694"
"795","EUR/JPY","119.6696","119.9696","01-06-2020 12:01:02:695"
"796","EUR/JPY","119.6697","119.9697","01-06-2020 12:01:02:696"
"797","EUR/JPY","119.6698","119.9698","01-06-2020 12:01:02:697"
"798","EUR/JPY","119.6699","119.9699","01-06-2020 12:01:02:698"
"799","EUR/JPY","119.67","119.97","01-06-2020 12:01:02:699"
"800","EUR/JPY","119.6701","119.9701","01-06-2020 12:01:02:700"
"801","EUR/JPY","119.6702","119.9702","01-06-2020 12:01:02:701"
"802","EUR/JPY","119.6703","119.9703","01-06-2020 12:01:02:702"
"803","EUR/JPY","119.6704","119.9704","01-06-2020 12:01:02:703"
"804","EUR/JPY","119.6705","119.9705","01-06-2020 12:01:02:704"
"805","EUR/JPY","119.6706","119.9706","01-06-2020 12:01:02:705"
"806","EUR/JPY","119.6707","119.9707","01-06-2020 12:01:02:706"
"807","EUR/JPY","119.6708","119.9708","01-06-2020 12:01:02:707"
"808","EUR/JPY","119.6709","119.9709","01-06-2020 12:01:02:708"
"809","EUR/JPY","119.671","119.971","01-06-2020 12:01:02:709"
"810","EUR/JPY","119.6711","119.9711","01-06-2020 12:01:02:710"
"811","EUR/JPY","119.6712","119.9712","01-06-2020 12:01:02:711"
"812","EUR/JPY","119.6713","119.9713","01-06-2020 12:01:02:712"
"813","EUR/JPY","119.6714","119.9714","01-06-2020 12:01:02:713"
"814","EUR/JPY","119.6715","119.9715","01-06-2020 12:01:02:714"
"815","EUR/JPY","119.6716","119.9716","01-06-2020 12:01:02:715"
"816","EUR/JPY","119.6717","119.9717","01-06-2020 12:01:02:716"
"817","EUR/JPY","119.6718","119.9718","01-06-2020 12:01:02:717"
"818","EUR/JPY","119.6719","119.9719","01-06-2020 12:01:02:718"
"819","EUR/JPY","119.672","119.972","01-06-2020 12:01:02:719"
"820","EUR/JPY","119.6721","119.9721","01-06-2020 12:01:02:720"
"821","EUR/JPY","119.6722","119.9722","01-06-2020 12:01:02:721"
"822","EUR/JPY","119.6723","119.9723","01-06-2020 12:01:02:722"
"823","EUR/JPY","119.6724","119.9724","01-06-2020 12:01:02:723"
"824","EUR/JPY","119.6725","119.9725","01-06-2020 12:01:02:724"
"825","EUR/JPY","119.6726","119.9726","01-06-2020 12:01:02:725"
"826","EUR/JPY","119.6727","119.9727","01-06-2020 12:01:02:726"
"827","EUR/JPY","119.6728","119.9728","01-06-2020 12:01:02:727"
"828","EUR/JPY","119.6729","119.9729","01-06-2020 12:01:02:728"
"829","EUR/JPY","119.673","119.973","01-06-2020 12:01:02:729"
"830","EUR/JPY","119.6731","119.9731","01-06-2020 12:01:02:730"
"831","EUR/JPY","119.6732","119.9732","01-06-2020 12:01:02:731"
"832","EUR/JPY","119.6733","119.9733","01-06-2020 12:01:02:732"
"833","EUR/JPY","119.6734","119.9734","01-06-2020 12:01:02:733"
"834","EUR/JPY","119.6735","119.9735","01-06-2020 12:01:02:734"
"835","EUR/JPY","119.6736","119.9736","01-06-2020 12:01:02:735"
"836","EUR/JPY","119.6737","119.9737","01-06-2020 12:01:02:736"
"837","EUR/JPY","119.6738","119.9738","01-06-2020 12:01:02:737"
"838","EUR/JPY","119.6739","119.9739","01-06-2020 12:01:02:738"
"839","EUR/JPY","119.674","119.974","01-06-2020 12:01:02:739"
"840","EUR/JPY","119.6741","119.9741","01-06-2020 12:01:02:740"
"841","EUR/JPY","119.6742","119.9742","01-06-2020 12:01:02:741"
"842","EUR/JPY","119.6743","119.9743","01-06-2020 12:01:02:742"
"843","EUR/JPY","119.6744","119.9744","01-06-2020 12:01:02:743"
"844","EUR/JPY","119.6745","119.9745","01-06-2020 12:01:02:744"
"845","EUR/JPY","119.6746","119.9746","01-06-2020 12:01:02:745"
"846","EUR/JPY","119.6747","119.9747","01-06-2020 12:01:02:746"
"847","EUR/JPY","119.6748","119.9748","01-06-2020 12:01:02:747"
"848","EUR/JPY","119.6749","119.9749","01-06-2020 12:01:02:748"
"849","EUR/JPY","119.675","119.975","01-06-2020 12:01:02:749"
"850","EUR/JPY","119.6751","119.9751","01-06-2020 12:01:02:750"
"851","EUR/JPY","119.6752","119.9752","01-06-2020 12:01:02:751"
"852","EUR/JPY","119.6753","119.9753","01-06-2020 12:01:02:752"
"853","EUR/JPY","119.6754","119.9754","01-06-2020 12:01:02:753"
"854","EUR/JPY","119.6755","119.9755","01-06-2020 12:01:02:754"
"855","EUR/JPY","119.6756","119.9756","01-06-2020 12:01:02:755"
"856","EUR/JPY","119.6757","119.9757","01-06-2020 12:01:02:756"
"857","EUR/JPY","119.6758","119.9758","01-06-2020 12:01:02:757"
"858","EUR/JPY","119.6759","119.9759","01-06-2020 12:01:02:758"
"859","EUR/JPY","119.676","119.976","01-06-2020 12:01:02:759"
"860","EUR/JPY","119.6761","119.9761","01-06-2020 12:01:02:760"
"861","EUR/JPY","119.6762","119.9762","01-06-2020 12:01:02:761"
"862","EUR/JPY","119.6763","119.9763","01-06-2020 12:01:02:762"
"863","EUR/JPY","119.6764","119.9764","01-06-2020 12:01:02:763"
"864","EUR/JPY","119.6765","119.9765","01-06-2020 12:01:02:764"
"865","EUR/JPY","119.6766","119.9766","01-06-2020 12:01:02:765"
"866","EUR/JPY","119.6767","119.9767","01-06-2020 12:01:02:766"
"867","EUR/JPY","119.6768","119.9768","01-06-2020 12:01:02:767"
"868","EUR/JPY","119.6769","119.9769","01-06-2020 12:01:02:768"
"869","EUR/JPY","119.677","119.977","01-06-2020 12:01:02:769"
"870","EUR/JPY","119.6771","119.9771","01-06-2020 12:01:02:770"
"871","EUR/JPY","119.6772","119.9772","01-06-2020 12:01:02:771"
"872","EUR/JPY","119.6773","119.9773","01-06-2020 12:01:02:772"
"873","EUR/JPY","119.6774","119.9774","01-06-2020 12:01:02:773"
"874","EUR/JPY","119.6775","119.9775","01-06-2020 12:01:02:774"
"875","EUR/JPY","119.6776","119.9776","01-06-2020 12:01:02:775"
"876","EUR/JPY","119.6777","119.9777","01-06-2020 12:01:02:776"
"877","EUR/JPY","119.6778","119.9778","01-06-2020 12:01:02:777"
"878","EUR/JPY","119.6779","119.9779","01-06-2020 12:01:02:778"
"879","EUR/JPY","119.678","119.978","01-06-2020 12:01:02:779"
"880","EUR/JPY","119.6781","119.9781","01-06-2020 12:01:02:780"
"881","EUR/JPY","119.6782","119.9782","01-06-2020 12:01:02:781"
"882","EUR/JPY","119.6783","119.9783","01-06-2020 12:01:02:782"
"883","EUR/JPY","119.6784","119.9784","01-06-2020 12:01:02:783"
"884","EUR/JPY","119.6785","119.9785","01-06-2020 12:01:02:784"
"885","EUR/JPY","119.6786","119.9786","01-06-2020 12:01:02:785"
"886","EUR/JPY","119.6787","119.9787","01-06-2020 12:01:02:786"
"887","EUR/JPY","119.6788","119.9788","01-06-2020 12:01:02:787"
"888","EUR/JPY","119.6789","119.9789","01-06-2020 12:01:02:788"
"889","EUR/JPY","119.679","119.979","01-06-2020 12:01:02:789"
"890","EUR/JPY","119.6791","119.9791","01-06-2020 12:01:02:790"
"891","EUR/JPY","119.6792","119.9792","01-06-2020 12:01:02:791"
"892","EUR/JPY","119.6793","119.9793","01-06-2020 12:01:02:792"
"893","EUR/JPY","119.6794","119.9794","01-06-2020 12:01:02:793"
"894","EUR/JPY","119.6795","119.9795","01-06-2020 12:01:02:794"
"895","EUR/JPY","119.6796","119.9796","01-06-2020 12:01:02:795"
"896","EUR/JPY","119.6797","119.9797","01-06-2020 12:01:02:796"
"897","EUR/JPY","119.6798","119.9798","01-06-2020 12:01:02:797"
"898","EUR/JPY","119.6799","119.9799","01-06-2020 12:01:02:798"
"899","EUR/JPY","119.68","119.98","01-06-2020 12:01:02:799"
"900","EUR/JPY","119.6801","119.9801","01-06-2020 12:01:02:800"
"901","EUR/JPY","119.6802","119.9802","01-06-2020 12:01:02:801"
"902","EUR/JPY","119.6803","119.9803","01-06-2020 12:01:02:802"
"903","EUR/JPY","119.6804","119.9804","01-06-2020 12:01:02:803"
"904","EUR/JPY","119.6805","119.9805","01-06-2020 12:01:02:804"
"905","EUR/JPY","119.6806","119.9806","01-06-2020 12:01:02:805"
"906","EUR/JPY","119.6807","119.9807","01-06-2020 12:01:02:806"
"907","EUR/JPY","119.6808","119.9808","01-06-2020 12:01:02:807"
"908","EUR/JPY","119.6809","119.9809","01-06-2020 12:01:02:808"
"909","EUR/JPY","119.681","119.981","01-06-2020 12:01:02:809"
"910","EUR/JPY","119.6811","119.9811","01-06-2020 12:01:02:810"
"911","EUR/JPY","119.6812","119.9812","01-06-2020 12:01:02:811"
"912","EUR/JPY","119.6813","119.9813","01-06-2020 12:01:02:812"
"913","EUR/JPY","119.6814","119.9814","01-06-2020 12:01:02:813"
"914","EUR/JPY","119.6815","119.9815","01-06-2020 12:01:02:814"
"915","EUR/JPY","119.6816","119.9816","01-06-2020 12:01:02:815"
"916","EUR/JPY","119.6817","119.9817","01-06-2020 12:01:02:816"
"917","EUR/JPY","119.6818","119.9818","01-06-2020 12:01:02:817"
"918","EUR/JPY","119.6819","119.9819","01-06-2020 12:01:02:818"
"919","EUR/JPY","119.682","119.982","01-06-2020 12:01:02:819"
"920","EUR/JPY","119.6821","119.9821","01-06-2020 12:01:02:820"
"921","EUR/JPY","119.6822","119.9822","01-06-2020 12:01:02:821"
"922","EUR/JPY","119.6823","119.9823","01-06-2020 12:01:02:822"
"923","EUR/JPY","119.6824","119.9824","01-06-2020 12:01:02:823"
"924","EUR/JPY","119.6825","119.9825","01-06-2020 12:01:02:824"
"925","EUR/JPY","119.6826","119.9826","01-06-2020 12:01:02:825"
"926","EUR/JPY","119.6827","119.9827","01-06-2020 12:01:02:826"
"927","EUR/JPY","119.6828","119.9828","01-06-2020 12:01:02:827"
"928","EUR/JPY","119.6829","119.9829","01-06-2020 12:01:02:828"
"929","EUR/JPY","119.683","119.983","01-06-2020 12:01:02:829"
"930","EUR/JPY","119.6831","119.9831","01-06-2020 12:01:02:830"
"931","EUR/JPY","119.6832","119.9832","01-06-2020 12:01:02:831"
"932","EUR/JPY","119.6833","119.9833","01-06-2020 12:01:02:832"
"933","EUR/JPY","119.6834","119.9834","01-06-2020 12:01:02:833"
"934","EUR/JPY","119.6835","119.9835","01-06-2020 12:01:02:834"
"935","EUR/JPY","119.6836","119.9836","01-06-2020 12:01:02:835"
"936","EUR/JPY","119.6837","119.9837","01-06-2020 12:01:02:836"
"937","EUR/JPY","119.6838","119.9838","01-06-2020 12:01:02:837"
"938","EUR/JPY","119.6839","119.9839","01-06-2020 12:01:02:838"
"939","EUR/JPY","119.684","119.984","01-06-2020 12:01:02:839"
"940","EUR/JPY","119.6841","119.9841","01-06-2020 12:01:02:840"
"941","EUR/JPY","119.6842","119.9842","01-06-2020 12:01:02:841"
"942","EUR/JPY","119.6843","119.9843","01-06-2020 12:01:02:842"
"943","EUR/JPY","119.6844","119.9844","01-06-2020 12:01:02:843"
"944","EUR/JPY","119.6845","119.9845","01-06-2020 12:01:02:844"
"945","EUR/JPY","119.6846","119.9846","01-06-2020 12:01:02:845"
"946","EUR/JPY","119.6847","119.9847","01-06-2020 12:01:02:846"
"947","EUR/JPY","119.6848","119.9848","01-06-2020 12:01:02:847"
"948","EUR/JPY","119.6849","119.9849","01-06-2020 12:01:02:848"
"949","EUR/JPY","119.685","119.985","01-06-2020 12:01:02:849"
"950","EUR/JPY","119.6851","119.9851","01-06-2020 12:01:02:850"
"951","EUR/JPY","119.6852","119.9852","01-06-2020 12:01:02:851"
"952","EUR/JPY","119.6853","119.9853","01-06-2020 12:01:02:852"
"953","EUR/JPY","119.6854","119.9854","01-06-2020 12:01:02:853"
"954","EUR/JPY","119.6855","119.9855","01-06-2020 12:01:02:854"
"955","EUR/JPY","119.6856","119.9856","01-06-2020 12:01:02:855"
"956","EUR/JPY","119.6857","119.9857","01-06-2020 12:01:02:856"
"957","EUR/JPY","119.6858","119.9858","01-06-2020 12:01:02:857"
"958","EUR/JPY","119.6859","119.9859","01-06-2020 12:01:02:858"
"959","EUR/JPY","119.686","119.986","01-06-2020 12:01:02:859"
"960","EUR/JPY","119.6861","119.9861","01-06-2020 12:01:02:860"
"961","EUR/JPY","119.6862","119.9862","01-06-2020 12:01:02:861"
"962","EUR/JPY","119.6863","119.9863","01-06-2020 12:01:02:862"
"963","EUR/JPY","119.6864","119.9864","01-06-2020 12:01:02:863"
"964","EUR/JPY","119.6865","119.9865","01-06-2020 12:01:02:864"
"965","EUR/JPY","119.6866","119.9866","01-06-2020 12:01:02:865"
"966","EUR/JPY","119.6867","119.9867","01-06-2020 12:01:02:866"
"967","EUR/JPY","119.6868","119.9868","01-06-2020 12:01:02:867"
"968","EUR/JPY","119.6869","119.9869","01-06-2020 12:01:02:868"
"969","EUR/JPY","119.687","119.987","01-06-2020 12:01:02:869"
"970","EUR/JPY","119.6871","119.9871","01-06-2020 12:01:02:870"
"971","EUR/JPY","119.6872","119.9872","01-06-2020 12:01:02:871"
"972","EUR/JPY","119.6873","119.9873","01-06-2020 12:01:02:872"
"973","EUR/JPY","119.6874","119.9874","01-06-2020 12:01:02:873"
"974","EUR/JPY","119.6875","119.9875","01-06-2020 12:01:02:874"
"975","EUR/JPY","119.6876","119.9876","01-06-2020 12:01:02:875"
"976","EUR/JPY","119.6877","119.9877","01-06-2020 12:01:02:876"
"977","EUR/JPY","119.6878","119.9878","01-06-2020 12:01:02:877"
"978","EUR/JPY","119.6879","119.9879","01-06-2020 12:01:02:878"
"979","EUR/JPY","119.688","119.988","01-06-2020 12:01:02:879"
"980","EUR/JPY","119.6881","119.9881","01-06-2020 12:01:02:880"
"981","EUR/JPY","119.6882","119.9882","01-06-2020 12:01:02:881"
"982","EUR/JPY","119.6883","119.9883","01-06-2020 12:01:02:882"
"983","EUR/JPY","119.6884","119.9884","01-06-2020 12:01:02:883"
"984","EUR/JPY","119.6885","119.9885","01-06-2020 12:01:02:884"
"985","EUR/JPY","119.6886","119.9886","01-06-2020 12:01:02:885"
"986","EUR/JPY","119.6887","119.9887","01-06-2020 12:01:02:886"
"987","EUR/JPY","119.6888","119.9888","01-06-2020 12:01:02:887"
"988","EUR/JPY","119.6889","119.9889","01-06-2020 12:01:02:888"
"989","EUR/JPY","119.689","119.989","01-06-2020 12:01:02:889"
"990","EUR/JPY","119.6891","119.9891","01-06-2020 12:01:02:890"
"991","EUR/JPY","119.6892","119.9892","01-06-2020 12:01:02:891"
"992","EUR/JPY","119.6893","119.9893","01-06-2020 12:01:02:892"
"993","EUR/JPY","119.6894","119.9894","01-06-2020 12:01:02:893"
"994","EUR/JPY","119.6895","119.9895","01-06-2020 12:01:02:894"
"995","EUR/JPY","119.6896","119.9896","01-06-2020 12:01:02:895"
"996","EUR/JPY","119.6897","119.9897","01-06-2020 12:01:02:896"
"997","EUR/JPY","119.6898","119.9898","01-06-2020 12:01:02:897"
"998","EUR/JPY","119.6899","119.9899","01-06-2020 12:01:02:898"
"999","EUR/JPY","119.69","119.99","01-06-2020 12:01:02:899"
"1000","EUR/JPY","119.6901","119.9901","01-06-2020 12:01:02:900"
"1001","EUR/JPY","119.6902","119.9902","01-06-2020 12:01:02:901"
"1002","EUR/JPY","119.6903","119.9903","01-06-2020 12:01:02:902"
"1003","EUR/JPY","119.6904","119.9904","01-06-2020 12:01:02:903"
"1004","EUR/JPY","119.6905","119.9905","01-06-2020 12:01:02:904"
"1005","EUR/JPY","119.6906","119.9906","01-06-2020 12:01:02:905"
"1006","EUR/JPY","119.6907","119.9907","01-06-2020 12:01:02:906"
"1007","EUR/JPY","119.6908","119.9908","01-06-2020 12:01:02:907"
"1008","EUR/JPY","119.6909","119.9909","01-06-2020 12:01:02:908"
"1009","EUR/JPY","119.691","119.991","01-06-2020 12:01:02:909"
"1010","EUR/JPY","119.6911","119.9911","01-06-2020 12:01:02:910"
"1011","EUR/JPY","119.6912","119.9912","01-06-2020 12:01:02:911"
"1012","EUR/JPY","119.6913","119.9913","01-06-2020 12:01:02:912"
"1013","EUR/JPY","119.6914","119.9914","01-06-2020 12:01:02:913"
"1014","EUR/JPY","119.6915","119.9915","01-06-2020 12:01:02:914"
"1015","EUR/JPY","119.6916","119.9916","01-06-2020 12:01:02:915"
"1016","EUR/JPY","119.6917","119.9917","01-06-2020 12:01:02:916"
"1017","EUR/JPY","119.6918","119.9918","01-06-2020 12:01:02:917"
"1018","EUR/JPY","119.6919","119.9919","01-06-2020 12:01:02:918"
"1019","EUR/JPY","119.692","119.992","01-06-2020 12:01:02:919"
"1020","EUR/JPY","119.6921","119.9921","01-06-2020 12:01:02:920"
"1021","EUR/JPY","119.6922","119.9922","01-06-2020 12:01:02:921"
"1022","EUR/JPY","119.6923","119.9923","01-06-2020 12:01:02:922"
"1023","EUR/JPY","119.6924","119.9924","01-06-2020 12:01:02:923"
"1024","EUR/JPY","119.6925","119.9925","01-06-2020 12:01:02:924"
"1025","EUR/JPY","119.6926","119.9926","01-06-2020 12:01:02:925"
"1026","EUR/JPY","119.6927","119.9927","01-06-2020 12:01:02:926"
"1027","EUR/JPY","119.6928","119.9928","01-06-2020 12:01:02:927"
"1028","EUR/JPY","119.6929","119.9929","01-06-2020 12:01:02:928"
"1029","EUR/JPY","119.693","119.993","01-06-2020 12:01:02:929"
"1030","EUR/JPY","119.6931","119.9931","01-06-2020 12:01:02:930"
"1031","EUR/JPY","119.6932","119.9932","01-06-2020 12:01:02:931"
"1032","EUR/JPY","119.6933","119.9933","01-06-2020 12:01:02:932"
"1033","EUR/JPY","119.6934","119.9934","01-06-2020 12:01:02:933"
"1034","EUR/JPY","119.6935","119.9935","01-06-2020 12:01:02:934"
"1035","EUR/JPY","119.6936","119.9936","01-06-2020 12:01:02:935"
"1036","EUR/JPY","119.6937","119.9937","01-06-2020 12:01:02:936"
"1037","EUR/JPY","119.6938","119.9938","01-06-2020 12:01:02:937"
"1038","EUR/JPY","119.6939","119.9939","01-06-2020 12:01:02:938"
"1039","EUR/JPY","119.694","119.994","01-06-2020 12:01:02:939"
"1040","EUR/JPY","119.6941","119.9941","01-06-2020 12:01:02:940"
"1041","EUR/JPY","119.6942","119.9942","01-06-2020 12:01:02:941"
"1042","EUR/JPY","119.6943","119.9943","01-06-2020 12:01:02:942"
"1043","EUR/JPY","119.6944","119.9944","01-06-2020 12:01:02:943"
"1044","EUR/JPY","119.6945","119.9945","01-06-2020 12:01:02:944"
"1045","EUR/JPY","119.6946","119.9946","01-06-2020 12:01:02:945"
"1046","EUR/JPY","119.6947","119.9947","01-06-2020 12:01:02:946"
"1047","EUR/JPY","119.6948","119.9948","01-06-2020 12:01:02:947"
"1048","EUR/JPY","119.6949","119.9949","01-06-2020 12:01:02:948"
"1049","EUR/JPY","119.695","119.995","01-06-2020 12:01:02:949"
"1050","EUR/JPY","119.6951","119.9951","01-06-2020 12:01:02:950"
"1051","EUR/JPY","119.6952","119.9952","01-06-2020 12:01:02:951"
"1052","EUR/JPY","119.6953","119.9953","01-06-2020 12:01:02:952"
"1053","EUR/JPY","119.6954","119.9954","01-06-2020 12:01:02:953"
"1054","EUR/JPY","119.6955","119.9955","01-06-2020 12:01:02:954"
"1055","EUR/JPY","119.6956","119.9956","01-06-2020 12:01:02:955"
"1056","EUR/JPY","119.6957","119.9957","01-06-2020 12:01:02:956"
"1057","EUR/JPY","119.6958","119.9958","01-06-2020 12:01:02:957"
"1058","EUR/JPY","119.6959","119.9959","01-06-2020 12:01:02:958"
"1059","EUR/JPY","119.696","119.996","01-06-2020 12:01:02:959"
"1060","EUR/JPY","119.6961","119.9961","01-06-2020 12:01:02:960"
"1061","EUR/JPY","119.6962","119.9962","01-06-2020 12:01:02:961"
"1062","EUR/JPY","119.6963","119.9963","01-06-2020 12:01:02:962"
"1063","EUR/JPY","119.6964","119.9964","01-06-2020 12:01:02:963"
"1064","EUR/JPY","119.6965","119.9965","01-06-2020 12:01:02:964"
"1065","EUR/JPY","119.6966","119.9966","01-06-2020 12:01:02:965"
"1066","EUR/JPY","119.6967","119.9967","01-06-2020 12:01:02:966"
"1067","EUR/JPY","119.6968","119.9968","01-06-2020 12:01:02:967"
"1068","EUR/JPY","119.6969","119.9969","01-06-2020 12:01:02:968"
"1069","EUR/JPY","119.697","119.997","01-06-2020 12:01:02:969"
"1070","EUR/JPY","119.6971","119.9971","01-06-2020 12:01:02:970"
"1071","EUR/JPY","119.6972","119.9972","01-06-2020 12:01:02:971"
"1072","EUR/JPY","119.6973","119.9973","01-06-2020 12:01:02:972"
"1073","EUR/JPY","119.6974","119.9974","01-06-2020 12:01:02:973"
"1074","EUR/JPY","119.6975","119.9975","01-06-2020 12:01:02:974"
"1075","EUR/JPY","119.6976","119.9976","01-06-2020 12:01:02:975"
"1076","EUR/JPY","119.6977","119.9977","01-06-2020 12:01:02:976"
"1077","EUR/JPY","119.6978","119.9978","01-06-2020 12:01:02:977"
"1078","EUR/JPY","119.6979","119.9979","01-06-2020 12:01:02:978"
"1079","EUR/JPY","119.698","119.998","01-06-2020 12:01:02:979"
"1080","EUR/JPY","119.6981","119.9981","01-06-2020 12:01:02:980"
"1081","EUR/JPY","119.6982","119.9982","01-06-2020 12:01:02:981"
"1082","EUR/JPY","119.6983","119.9983","01-06-2020 12:01:02:982"
"1083","EUR/JPY","119.6984","119.9984","01-06-2020 12:01:02:983"
"1084","EUR/JPY","119.6985","119.9985","01-06-2020 12:01:02:984"
"1085","EUR/JPY","119.6986","119.9986","01-06-2020 12:01:02:985"
"1086","EUR/JPY","119.6987","119.9987","01-06-2020 12:01:02:986"
"1087","EUR/JPY","119.6988","119.9988","01-06-2020 12:01:02:987"
"1088","EUR/JPY","119.6989","119.9989","01-06-2020 12:01:02:988"
"1089","EUR/JPY","119.699","119.999","01-06-2020 12:01:02:989"
"1090","EUR/JPY","119.6991","119.9991","01-06-2020 12:01:02:990"
"1091","EUR/JPY","119.6992","119.9992","01-06-2020 12:01:02:991"
"1092","EUR/JPY","119.6993","119.9993","01-06-2020 12:01:02:992"
"1093","EUR/JPY","119.6994","119.9994","01-06-2020 12:01:02:993"
"1094","EUR/JPY","119.6995","119.9995","01-06-2020 12:01:02:994"
"1095","EUR/JPY","119.6996","119.9996","01-06-2020 12:01:02:995"
"1096","EUR/JPY","119.6997","119.9997","01-06-2020 12:01:02:996"
"1097","EUR/JPY","119.6998","119.9998","01-06-2020 12:01:02:997"
"1098","EUR/JPY","119.6999","119.9999","01-06-2020 12:01:02:998"
"1099","EUR/JPY","119.7","120","01-06-2020 12:01:02:999"